f1,f2,f3,f4,f5,f6,f7,f8,f9,f10,f11,f12,f13,f14,f15,f16,f17,f18,f19,f20,f21,f22,f23,f24,f25,f26,f27,f28,f29,f30
1.4968327,-0.38551912,-0.08638764,1.4403219,-0.23112828,0.13989921,-1.3234377,-0.8660918,0.28426248,-1.4543675,-0.9291746,2.2705152,1.0555336,1.0949394,0.4456435,-0.76753104,-1.1435218,1.2062528,-2.0501802,-0.9112996,-0.15936807,-0.041581195,1.0272768,1.6252174,0.4959016,1.6116891,1.3816234,-1.03563,-1.6626309,-0.62017244
0.87759125,-0.56833047,1.4370148,2.2138476,0.51179105,0.44997975,-0.2993102,0.189822,-0.23443502,-0.47558066,-0.841348,-0.13108844,2.227304,0.77164984,0.27354932,-0.02509074,-0.6865854,0.42937937,-1.1712768,-0.024113148,-0.22167224,-0.1975807,0.99887514,1.6837845,-1.1265335,1.5266432,2.0298817,-0.46255112,-1.7061054,-0.2572075
1.2750856,-0.90053916,-0.2590413,0.7250989,1.246481,-0.49156857,-0.78438354,-0.97190624,0.115471646,-1.3967463,-1.2694033,0.61885554,1.018214,1.2432842,-0.56984675,-1.0768347,-0.1996519,1.6490191,-2.0429204,-0.022998452,-1.4771693,-1.5092416,-1.3154013,0.93191344,-0.033027194,1.5092086,0.73488253,0.54605055,-0.69214225,0.4950462
1.1751894,-0.67808276,-0.2251973,1.3320088,0.28275284,-0.8048211,-1.1458501,-0.8802604,-0.6436589,-0.44231203,-0.1564692,1.4372939,0.298791,2.0474358,0.28059554,-1.5358751,-1.4993998,1.5336697,-2.6366603,-0.4744282,-0.16845542,-1.1354188,0.9809625,1.3910744,0.25485718,0.764385,0.38224757,-1.336418,-1.5292562,0.5081242
1.6149659,0.08148659,-0.118053146,1.1532676,-0.10485336,-0.60782415,-0.40983835,-0.7661654,1.3121787,-1.574882,-1.164675,1.6657838,2.092526,1.7986574,-0.37546754,-1.106619,-0.4942741,0.40303618,-1.119565,0.04146871,-0.1345287,0.8895483,-0.7824242,1.8660142,0.18081155,0.75307465,1.3366048,-1.1713878,-0.6607246,0.088108525
1.8499918,-0.05298569,0.09805147,1.8192337,0.3263533,0.15576637,-1.6525433,-0.07859967,0.30869904,0.28227285,-1.3244046,0.33213022,0.2919512,1.5584285,0.12856251,-0.69597536,-1.2849706,1.244632,-1.8776551,-0.960932,-1.3758267,0.3330264,-0.5626319,1.6565514,-0.28924868,2.3423789,1.1110414,-0.4993884,-1.5365993,-0.16107559
2.1747901,0.14483547,-0.4570983,1.2765615,0.14340715,-0.110882685,-1.4660891,-0.21035203,0.02372522,-0.98551166,-0.9608994,2.034795,0.72455335,1.0942094,0.04074032,-0.8844759,-1.515254,1.7878773,-0.84313685,-0.98787177,-0.65577537,-0.1981068,0.34298065,0.9971342,0.5123084,2.5493088,0.39649323,-0.78527474,-1.6688751,0.5566603
0.6273197,0.7809897,1.5072496,0.8877223,0.15289953,-0.2762944,-1.32866,-0.023463562,-0.23439622,-0.33919072,-0.95711607,1.0907704,1.1803027,0.6619935,-0.21527708,-0.95895797,-0.5532673,0.7972069,-1.8652483,-0.45475948,-0.65543777,0.069764875,0.17848974,2.1847942,-0.4282811,1.7650012,1.2528127,-0.0886551,-2.2275333,0.59639376
0.6638705,-1.0816913,0.74821025,0.6817384,0.34381184,-0.5704264,-1.2573893,-1.1662786,1.3545269,-1.5537112,-0.22411741,1.0353379,1.2039545,1.137198,-0.83995736,-1.4905282,-1.2483742,0.682125,-1.4600612,-0.24486834,-0.6275818,-0.5493523,-0.37411368,1.8436074,-0.7011524,1.1333725,1.794639,0.28503454,-0.81160915,0.42311662
1.4623278,0.48654464,1.0373088,0.78065866,-0.73644,-0.8047925,-1.474286,-0.11671858,-0.2506804,0.035649747,-1.6298505,-0.06035521,0.5961249,0.73882437,-0.0090688765,-0.88399,-1.283676,0.046408966,-2.0255346,-1.2838234,-0.47163135,0.0914904,-0.77354926,2.2296557,-1.04767,0.5841006,0.65778446,-1.327171,-1.6543808,0.65821075
1.0627497,0.37105358,-0.1081492,1.7273984,0.25615525,0.046747826,-0.29702473,0.37368584,0.82237625,-0.6032091,-2.145305,0.66072464,1.9809514,0.59897435,1.1060297,-1.0933529,0.2521612,-0.19970098,-1.5088257,-0.47581875,-0.43071973,-1.1297039,-0.7868185,1.4367425,0.74425906,0.39778027,1.1151309,0.45673573,-1.616298,0.08201194
2.031168,0.47630873,-0.47626317,0.8217367,0.66540146,-0.94154656,-1.6866977,-1.2094613,0.05769042,-1.0819185,-0.7084047,1.8729199,2.0932455,2.0647352,-0.16133063,0.114999205,-0.8174483,1.1919992,-1.7552434,-1.2798934,-0.38702947,-0.25506225,0.19693676,0.36957616,0.33985355,-0.45303336,0.5209512,-1.2766792,-1.9791051,0.5088163
2.1937282,0.708343,0.7096913,1.0509932,-0.50102675,0.08750217,-0.7700449,0.6445808,0.8786788,-0.58487713,-0.95824486,1.1241052,1.9688562,0.72549707,-1.1400099,0.53053695,-0.9170958,0.3807489,-1.9713081,-1.0515893,-0.45612687,-0.036950395,0.37193185,1.8580046,-0.7650289,1.276424,1.787177,-1.2169658,-1.1814897,-0.23138273
1.6999035,1.5930316,-0.9246111,-0.44986367,0.57817787,-0.80086964,-1.640898,-0.8179161,0.31204724,-0.3444891,-1.499555,1.6626431,1.446838,1.5350769,0.43661526,0.5419498,0.3991433,0.28623956,-1.1500347,-1.5193139,0.13975196,-1.4811281,0.26854157,0.3655903,1.1034133,0.6993787,0.77713233,0.8232868,-1.878557,0.040962577
1.460812,1.0254365,-1.0867594,0.36725125,0.6504076,-0.7104662,-2.5309467,-0.9050004,0.017662931,-0.62709427,-1.1855102,0.11104846,0.5332385,1.4023204,1.609218,-0.2870111,-0.48787162,0.21365757,-1.0845404,-2.4167445,0.9891395,-1.4963337,0.6691941,1.432962,0.7033491,0.67768675,1.4435391,0.30223352,-1.9512004,-1.1584268
0.59084487,0.72223055,1.3727282,0.40493023,0.19978443,-0.29069638,-2.0102735,-1.4630134,-1.2520777,-1.3235997,-0.6345547,1.1956346,0.6057056,0.40445662,-1.1922573,-1.8533818,-0.5867619,0.32894507,-0.50291044,-0.35065296,0.14454362,-0.6593218,0.86627203,-0.1484105,-0.9870302,0.37108746,0.43024397,1.0127374,-2.3030434,0.132815
0.49823582,-0.5981401,0.61476946,0.21687981,0.6322292,0.318199,-1.2791098,-1.6159472,-0.1657607,-1.1905383,-1.371066,0.089290984,1.0501646,-0.024056837,-0.6367845,-2.6125739,-1.0112264,0.91623676,-1.3522433,-0.31361118,-1.1581316,0.13922703,0.12585366,1.0407754,-0.84215355,1.5093423,0.7353271,1.0930945,-0.14472999,0.37633532
1.1458765,-0.4743282,0.34980953,0.40474182,0.6042403,0.02266488,-1.5287355,-0.5182719,-0.10183786,0.25086543,-1.5361861,0.034310162,1.1491747,2.0455143,0.6384306,-0.96836454,-1.6817113,1.4299154,-1.839243,-1.514485,-1.1861253,-1.4015684,0.51112515,1.2449104,-1.3933554,1.4670023,0.60357314,-0.5027217,-1.0055114,0.14335728
0.87233686,-1.2136216,-0.7314762,0.9088691,0.13157213,-0.2936204,-1.753475,-1.2110875,-0.783978,-0.98768485,0.8373395,0.30797556,1.6362811,1.2561498,0.42359325,-1.6775944,-0.6041103,-0.06568384,-2.5469413,-1.0468075,-0.11277828,-1.4127489,1.2271988,1.2015326,-0.84963566,-0.09089723,0.31839773,-0.26157457,-1.4213315,0.2966222
-0.16439769,-0.028162815,0.78296196,-0.3479122,1.5729412,-0.034377,-2.014875,-2.0950532,-0.5304493,-1.1320561,0.24317513,0.8147754,1.1940295,1.6271791,-0.9080027,-2.6486847,-1.2212886,1.607415,-1.0274049,-1.7006019,0.090957254,-0.65292335,1.3915124,0.4465704,-1.2351106,0.818872,0.6480238,0.77372617,-1.0227522,0.12334381
-0.38783726,-0.058211733,0.7016789,-1.0207834,0.44391757,0.71722853,-2.2151413,-1.9762294,0.20648395,-1.2547804,0.2931983,1.2313397,0.40979034,1.7569561,-1.4591023,-2.269249,-0.5527683,1.164995,-1.58036,-1.6540515,0.06286202,-1.0638582,1.1706386,0.80805695,-0.7614946,1.2417103,1.3255417,0.36310905,-1.834664,-0.30617225
0.9230586,0.65761316,0.35074425,-0.52184117,0.7559634,0.8977563,-1.3257082,-1.2878948,-1.6937069,-2.7172675,0.73612285,0.49266258,-0.9137051,-0.08959055,-1.5340161,-2.2229483,-0.61998916,0.46463117,-1.9826503,-1.6934352,-0.21887958,-0.9532949,0.8963715,1.7602861,-1.1706553,0.48259604,-0.21217567,0.40176862,-2.3144982,0.18637095
0.891598,-0.37205935,-0.33033627,-0.9916132,2.1777248,-0.41827714,-2.2183743,-1.6868613,-0.048921824,-1.5622754,0.81943524,0.6801068,0.6502632,1.5610666,-1.5634636,-1.8555986,-0.42585483,2.2381377,-1.1647648,-1.2002184,-0.33426425,-2.0736668,0.65896887,-0.41783017,-0.92777044,0.8703368,0.7006269,0.65997225,-1.0440118,0.7057232
1.5656052,0.040289976,-0.70431453,-1.438393,1.7877684,-0.1242599,-1.7469631,-1.9671223,-0.72075224,-1.8095862,0.17281094,0.20025712,0.438044,0.8686179,-1.2100765,-1.4054357,-0.22065258,1.3519982,-1.3901145,-0.99204123,-0.13479793,-1.6965873,0.21437515,1.2913041,-1.2338045,-0.5215435,0.27340895,0.18290947,-1.8402653,0.42995244
1.5199727,-0.37189224,-0.22293095,-0.29584312,0.041475855,1.8757691,-1.7326915,-0.44623107,-0.69174266,-1.7107469,-0.7171702,-0.46839395,0.5289452,-0.16133168,-0.5093255,-1.846243,-0.21123359,0.8970502,-1.6575972,-1.780499,-0.56392574,-0.07793514,1.0058639,-0.036393434,-0.7853364,1.0261773,0.68851405,0.79808956,-1.9788078,1.3968619
-0.062424004,-0.12452431,0.52724236,-1.1418494,0.7114032,0.74919415,-2.0312183,-1.3162603,-1.4078887,-1.5874894,0.10420685,-0.22025836,1.1023743,0.57277685,-0.7453727,-1.8199054,-0.50219804,0.051737398,-1.8509768,-1.6954837,-0.07523256,-1.5247879,1.8926294,0.31797305,-1.439921,-0.19065759,0.18534502,0.14059816,-1.5497679,0.75564164
1.0999386,-0.22289783,0.5144938,-0.14390974,0.26838452,1.143707,-0.61593544,0.19848053,0.986989,1.1065649,-1.6067628,-1.7370262,0.74008906,1.2164464,1.1006086,-0.7365527,-1.4699658,0.720001,-1.8457756,-1.7177938,0.14325252,-0.43471354,0.06491259,-1.040277,-0.4522307,1.4552528,0.65822303,1.0025877,-1.4073931,0.53915834
0.42400184,0.021510191,0.22240745,-0.3063231,0.9258126,1.3581319,-1.5245353,-1.107853,-0.6838913,-2.8845677,0.25304642,0.28318772,-0.6970732,0.3362878,-0.92063886,-2.2558365,-0.56953645,0.54139006,-2.3126028,-1.9281124,-0.13895205,-0.98714375,1.842757,0.39093697,-1.5710664,0.90755606,0.10600231,0.70973176,-1.5369682,0.33742833
0.67475724,-0.4841082,-0.15121192,-0.6352074,1.5044466,-0.18395983,-1.7237858,-1.7579335,-0.9217396,-1.5749651,1.1172086,0.97372603,-0.24494687,1.6310179,-2.1606998,-2.9086204,-0.42695606,1.6743977,-1.9331264,-1.1919373,0.074705124,-0.9871795,0.3668128,1.353595,-0.8537503,0.52757454,-0.13248295,-0.05008039,-1.4199381,0.6890339
1.1749322,-0.9120029,0.022884868,-1.141188,0.3724627,1.5931119,-1.3895361,-0.9638349,-1.0538702,-1.7761593,-0.5144144,-0.89212525,-0.10403547,0.34554195,-0.17657909,-1.2580972,-1.0895467,0.4139502,-2.3930795,-2.0522225,0.14377849,-2.0604544,1.5809684,1.2823622,-1.7155063,-0.4758276,0.47863585,-0.025649294,-1.376563,0.33173448
1.237139,-0.9033603,-1.0219251,-0.46056938,0.12380795,0.58634037,-2.1725352,-1.6089017,-0.95778704,-2.166165,0.9246782,-0.167896,1.0591577,0.043055236,-0.38035718,-2.4245915,-0.22746885,0.16825746,-1.2897259,-1.9016479,-0.1779499,-0.6388185,1.6743884,-0.31896895,-1.1157738,0.62897974,0.38010797,0.7724203,-1.0198447,0.64562446
1.9060023,-0.08717687,-1.7445769,-0.044881552,1.1490014,-0.12349356,-2.5305388,-1.0651555,-0.279246,-0.974051,-0.3950547,0.042393878,1.1986828,1.8498914,0.32785913,-1.1375457,-0.979213,1.6634829,-1.716143,-1.7995948,0.31700775,-1.6431282,1.1633894,1.2410094,0.27860633,0.4530425,0.8244376,0.26674318,-2.1526406,-0.33190376
0.102703914,0.12768006,0.4946013,0.24034621,0.49231488,1.9379122,-2.139051,-0.98824704,-0.7559271,-0.22742403,-0.10440883,-0.55641896,0.17519815,0.0043625534,0.42895123,-1.9244941,-1.6557686,0.6628315,-1.6656921,-1.3688171,-0.48709458,-0.38343284,2.3997464,0.75978994,-1.8000643,0.90955424,0.83770883,0.054867208,-1.3183752,-0.3337625
0.76926357,0.5007326,-0.47802752,0.12961373,0.7914176,-0.73787284,-2.3646903,-1.489238,-1.1000301,-1.8634511,0.3143602,0.5294397,0.25255194,0.92346764,-0.6743597,-2.461286,0.24438667,0.77355725,-1.6733271,-2.1197157,0.29255766,-1.0746218,0.3862376,0.8228637,-0.5163498,0.2074117,0.0007232651,0.64873976,-2.0422797,0.60646474
-1.4925604,0.57732356,-0.022837684,0.960201,1.7466687,0.7645944,0.07804793,0.31933266,-0.52362347,1.1275488,-0.9466887,0.58281726,-1.9422864,-0.76293045,0.021864153,-0.4525211,1.2505805,0.50654817,0.89496994,-0.8859719,0.13833407,-0.70569384,-0.74421585,0.23910385,0.3640962,-0.5247704,-1.8397325,-0.60744697,-0.7639634,0.05063933
0.7503005,0.80279076,0.58029944,-0.064422056,-0.52866524,-0.31722486,0.34458536,-1.3073518,0.83024096,0.58967686,-2.1899323,-0.25692964,1.1274054,0.010951728,0.7518164,-0.18525158,1.3992525,-0.2777732,0.09407733,-0.5246893,-0.30187708,0.6942359,-0.25774765,0.62756044,-0.03879007,0.13016021,-0.48424995,0.08069871,-0.00025619566,1.0468913
1.0431533,-0.02739171,0.30039805,0.401152,1.1735241,0.20597558,-1.0426054,-0.68081367,-0.54511714,-1.4548544,-0.72846574,0.9747082,0.61594,0.3902159,-0.7178417,-0.44923234,-0.09927383,1.0984647,-0.8259508,-0.45835492,0.07903327,-1.2826409,0.26949853,1.5479188,-0.26295823,0.71152425,0.38905436,-0.0564072,-1.6493943,0.5610415
-0.31350067,-0.6346879,0.95273334,-0.29420257,-0.051308736,0.254026,-0.34436345,0.4045084,0.048909307,1.5730304,-0.7638285,-0.33595702,0.234725,-0.2588774,0.5617413,1.2580464,1.2042563,-0.7118507,0.6696176,-1.0071095,0.32574585,-0.12024533,0.82087713,0.13013303,-0.28670803,0.07381576,-0.55313474,-0.048070088,-0.93053424,0.25870755
-0.5836657,0.00608819,0.275329,-0.8362718,0.24307492,0.8656185,-0.04598157,-0.9529609,0.28039613,1.0365855,-0.8961722,-1.5686702,0.2904302,-1.0026798,0.3817911,-0.04609014,0.9505611,-0.7211518,0.22411564,-0.6570056,0.19924024,-0.041440837,1.6373229,0.25063273,-0.494207,-0.9889225,-0.6845923,0.562169,-0.15379794,0.17761587
0.6333136,0.17811188,0.6212952,-0.04391317,0.30564946,0.04554043,0.3410845,-0.0794424,-0.01989527,0.8141061,-1.7996176,-0.04880888,0.94738865,-0.08302903,0.9285298,0.2609725,1.2696427,-0.9617764,0.45380005,-0.23206809,0.21068174,-0.06334731,0.16448072,0.6833658,0.28891125,0.021305814,-0.24461627,-0.29371846,-0.4119749,1.0509678
-0.012799054,-0.6097323,0.010207102,1.2772576,1.0065734,-0.3496233,0.61319196,-1.229381,0.4136707,-1.8035518,-1.3618901,0.5073953,0.7756486,1.7571979,0.5132925,-0.08816087,1.1589093,-0.17139627,-1.3198085,1.260548,-0.8033884,-0.22582471,-0.97248226,1.4877663,-0.65564346,2.4303908,-0.71203834,-0.3255527,-0.9899471,-0.42798406
1.7752779,0.36394963,1.6689007,0.7680845,0.8490899,0.012905231,0.086493045,0.7798351,0.06827578,-1.6676835,-1.4990505,1.1849351,0.26679963,1.0377271,-0.79513353,-2.0341835,-0.6349922,0.30262578,-0.3572192,-1.9906279,-0.22835869,0.15087315,0.25586048,1.8179984,0.19201201,1.1401371,-0.4702955,-1.2433828,-0.89168763,0.5160486
1.6359019,0.52231836,1.4045187,1.3840032,1.4846685,-1.3026744,-0.4949088,-0.38515073,-0.30028942,-0.72192585,-0.3967209,1.0627551,0.46937308,-0.12360412,-0.6235925,-0.49081355,0.22197637,1.4066448,-1.034396,-1.5997785,-0.43038523,0.28273597,0.6012338,1.4869218,0.09156688,1.7234157,1.0658349,-0.6113222,-1.6551716,1.2426293
1.9817337,0.5685677,0.91403407,1.9618894,0.6990476,-0.08450735,0.18033072,0.5581968,-0.5424235,-0.63033426,-1.7801232,1.2274373,-0.19497365,-0.429605,-1.247959,-0.8083001,-0.10797332,-1.142926,0.65057456,0.80672705,0.34961444,-0.74747044,-0.22155315,1.2895808,1.1722312,2.0920312,-0.55982316,-0.8003837,-0.16419496,0.20344086
1.1676121,0.32197174,0.77916294,1.0633934,0.32544768,-1.1293324,-0.24863298,0.0522829,-0.75392973,-0.6615319,-1.0544988,2.0313714,0.6480504,0.80513656,-0.72109437,-0.10217722,-0.12864597,1.5246662,-1.2710451,-0.1307657,-0.9799501,-0.3646958,-0.59027094,1.6981013,-0.26367304,2.206275,1.0186327,-0.30970412,-1.2250266,0.34921357
1.538206,1.5230482,0.47506493,0.21239778,0.28057003,-1.9190104,-1.1503589,-0.8520629,0.0063557588,-0.81470525,-1.6550152,1.6979965,1.1178069,1.6845376,-0.091228396,-0.8779114,-0.17225793,-0.27385712,-0.09682948,-2.372597,0.96752495,0.66926026,0.46047828,1.4479864,0.11622805,0.80257237,-0.5624759,0.09185071,-0.78248906,0.41742855
1.3554587,0.8285504,0.56008554,0.9124806,-0.19865595,-1.2879934,-0.6982136,-0.28528017,-0.83209205,-0.37316144,-1.6086183,0.2837819,1.7990534,1.295311,-0.0018270239,-1.5431786,-1.2356375,0.34082615,-1.5752512,-1.458963,-0.01078894,0.28343415,-0.72446156,1.8251956,-0.9965918,0.7119777,0.26385733,-0.095958814,-0.7929571,0.72414416
1.1113694,0.83522487,0.4524331,-0.18871076,-0.277794,0.02139335,-0.89524674,0.261665,0.038386732,-0.5564167,-1.2012713,1.6016935,1.2201235,0.7994398,-0.6888853,-0.37706965,-0.8833561,1.4117948,-2.0171218,0.37230876,-0.20560414,-0.5509016,1.1031616,1.4559879,-1.3643956,1.730966,0.96650493,0.060952917,-1.9272579,0.59047115
1.091873,2.1386662,1.3411535,1.1016366,0.45017558,-1.2174178,-0.60713327,0.09706721,-0.7267449,-2.0549629,-1.1446736,0.83868325,1.9327431,1.0121955,-0.3968662,-1.0512366,-0.49322134,1.2965541,0.2086128,-1.7033647,-0.17007759,0.49667498,-0.024100363,1.365459,-0.10615898,0.05516684,0.012126807,-0.12245922,-1.5737598,0.28623903
1.772828,-0.020183101,1.0796546,0.82634485,-0.89069396,-0.9890523,-0.015202805,-0.5866385,-0.60794914,-0.84726274,-1.4991947,0.2874967,1.8374715,1.1527308,-0.03258735,-1.4115841,0.21825898,-0.06880884,-0.008105107,-0.9755199,0.8945158,-0.53843534,-1.2846677,1.467345,0.029525377,0.43930683,0.27380124,-1.4589366,-0.7477816,0.55291486
1.3450967,0.26111263,0.9942042,0.8400279,0.6678543,-1.6571081,0.18390867,-0.037606947,0.31320095,0.4324006,-1.4803107,1.7990304,1.4205323,-0.42929214,0.25782222,-1.0813636,0.6510358,1.0437629,-0.28072762,-0.053372055,0.63960576,0.79121065,0.43832317,2.2640667,0.22825545,1.6397535,0.44318464,-0.4481582,-1.8030664,0.98327184
1.5530757,0.64721817,0.50652015,1.5428512,-0.21984036,-0.63065934,-0.5571386,-0.45538664,1.178278,-1.078349,-0.69551075,2.2445168,1.412927,0.89563715,-0.30858433,0.62266326,0.029477559,0.13366853,-0.04837848,1.3683184,-0.66257983,0.24820936,-0.8649319,1.5407836,0.7601465,0.37599137,1.3668672,-1.0741112,0.37666208,0.6247478
1.3594303,-0.8642185,0.2966783,1.6084203,0.62957436,-0.7771137,-0.30202675,-0.6884323,0.081797786,-0.5744083,-2.4430923,1.374752,0.87368655,0.8741769,-0.25246367,0.8203829,0.30481344,-0.4856879,-0.5291965,-0.16633089,0.2232705,-0.18256825,-1.5198975,1.7269337,0.25321224,1.7439384,0.39436144,-0.35746646,-1.0078202,-0.06354219
2.6977627,0.6423178,1.2589114,0.4576459,0.38538155,-0.87761974,-0.08365615,-0.6888348,0.42299047,-0.31016165,-1.2622452,2.2840583,1.5506858,0.75942343,-0.28162462,0.5003471,0.00064156204,0.17932707,-0.66226774,-1.0320132,0.101454295,0.30669424,-1.0572572,1.7361732,-0.48124713,1.484387,0.04799556,-0.8664859,0.023785815,-0.49951792
1.6121457,0.7767357,1.038306,0.5340177,0.45853847,-0.49753362,-0.16913238,0.82154834,-0.71229684,-0.96676016,-1.8807946,0.17234832,1.6040279,0.78340137,-0.15721485,-0.5165328,-0.78892237,0.06300433,0.5304853,-1.1492344,-0.1261836,0.4504533,0.10323434,1.7971997,-0.31119314,1.7900122,0.57334256,-0.37143272,-2.0857518,0.37767315
0.5885335,-0.4718077,0.6553517,0.9703942,1.5987425,0.31891945,-0.76094675,0.73783267,-0.67866886,-1.2010027,-0.2331817,1.4511746,0.6057141,0.53173244,-0.9086171,0.8527964,0.42627594,-0.16804859,0.06529572,0.93664646,0.5510734,-2.1115906,0.19742817,0.68309736,0.9761372,2.1802363,-0.27903694,-0.5714447,-0.8654468,0.9494222
1.5515077,1.1778204,0.523019,0.06306593,1.2696471,0.46858448,0.3163813,-0.373609,-0.011690117,1.4991978,-1.8396254,1.1843805,0.78854525,1.6777382,0.5942705,0.22119446,1.354705,-0.62743896,0.027311258,0.3541774,-0.09694942,-0.46329463,-1.0320385,1.0417621,0.7669912,0.64460313,0.72277445,0.7086162,-1.0331408,0.6772936
0.95321035,-0.40858218,1.7471863,0.6911074,-0.005818492,-0.51722425,-1.694899,1.3226969,0.7572515,0.0403603,-1.5833915,1.7640764,0.68696153,-1.0708189,-1.220804,1.0336204,-0.12936346,-0.302515,-0.00018955022,-0.25599816,0.4258468,-0.0051721595,-0.8504724,1.1921709,-0.03929507,1.7739805,0.328466,-1.6315271,0.09715381,0.2152594
0.73456097,0.73917216,0.36068982,2.0823376,1.0399357,0.15344475,0.42562917,-0.027048796,0.6599132,0.18682182,-0.47436917,3.2039406,0.47159386,0.60148406,0.13528231,0.3378693,0.38470268,1.3799841,0.9242294,1.166574,0.84736305,-0.61508954,-0.9942929,1.3533714,1.1315142,0.053307593,1.1776004,-1.7612339,-0.48935932,-0.29317313
1.2135826,0.6832531,1.7192019,0.11780138,0.91987276,-1.5819157,0.12592378,0.85867125,-0.15799645,-0.10424139,-0.15888317,1.5163503,1.3436075,0.2550261,-0.25041655,0.8744546,0.32001895,-0.66029596,-0.6462504,1.4009135,0.00891307,-0.15460214,-0.61209553,2.0958917,0.54147035,1.494893,0.6397024,-1.1958967,0.07659845,1.1286286
0.25021127,0.30209324,1.1632216,0.4223225,1.2325828,0.47756165,0.6313236,-0.33496368,0.21762617,0.33182445,-0.9836145,-0.5494758,1.1771641,-0.873851,-0.050025754,-1.5919465,0.9678398,-0.5079415,1.2654209,-1.3631228,-0.099220164,0.4848933,0.13959667,1.4833941,0.5410647,0.96781385,-0.74141264,-0.23307364,-0.41840744,0.5887824
1.2741721,-1.1229292,0.42642742,0.38240433,-0.65373325,0.5417289,-0.606562,-0.19066629,-0.42453593,-2.739495,-0.6277112,-0.051401764,2.4479644,-0.1922456,-0.15950821,-0.7521532,0.6167899,0.20888059,-0.6066803,0.697736,0.044978343,0.78413403,0.92448586,0.080262914,-0.64979106,1.2612166,1.7778242,0.13217719,-1.1626577,0.7426411
1.4205248,0.15339449,0.31057918,1.2141329,0.46573406,-1.0757343,-1.6873417,-0.9266791,-0.0008600708,-1.289997,-1.2352996,0.43996918,1.1541508,1.4096179,-0.12955326,-1.2296534,-1.3726251,1.1162653,-1.6302556,-1.3711905,-0.19664505,0.036681805,-0.032797515,2.2476323,-0.015600942,0.24951088,0.60798657,-0.41340894,-1.7559525,0.23234287
0.9715283,1.157677,0.58209366,-0.06080912,0.100994945,-1.2797108,-1.3097256,-1.2115902,-1.1862084,-1.3445143,-0.48501527,1.761246,0.79834473,1.2290688,-1.0135134,-1.4981915,-0.85808617,1.031416,-1.6740353,-1.4573637,-0.061526172,-0.6723906,0.22663672,1.8864453,-0.37961084,0.9607365,0.03224729,0.19327958,-1.6784763,0.57885057
1.4079221,0.5829778,1.2111326,0.75326455,1.3327788,-0.48854312,-0.9708916,-0.10891119,0.62685704,-0.6674243,-1.0412573,1.7375252,1.6483189,1.4947131,-0.59107554,-0.48907256,-0.1645722,0.15701993,-0.64990723,-1.407566,0.900527,-0.75058806,0.112470135,1.729392,0.2612354,1.429623,0.3241462,-1.1173122,-1.7304662,0.6490148
1.7378776,1.5018026,0.36405605,-0.025697693,0.6894082,-0.6236574,-0.33636516,-0.49372393,-1.5290285,0.65219104,-1.5852177,0.40149164,1.8469913,0.7113828,-0.16895373,0.89555234,0.6040535,-0.6472265,-1.474675,-0.7886902,-0.6398644,-1.3063425,1.085974,0.12193754,0.41124728,0.49560985,-0.16041172,-0.10855214,-1.4096152,1.1925807
1.0506213,-0.9565596,-0.301534,1.433953,0.49434423,0.17265321,0.6749482,0.41182142,1.1299101,-0.9007776,-1.688669,1.2911617,1.697126,0.43255514,0.2889622,0.467533,0.17576998,-0.9668387,-0.2222591,1.2626786,-0.04683546,0.7080235,-0.5855855,0.63165426,0.67421776,1.3150859,1.8405277,-0.75619346,-1.1992973,-0.08300817
1.8643345,-0.31681657,1.7502825,1.2293156,0.75050116,-0.5881449,-0.72040856,-0.067108534,-0.7862092,-0.25382444,-1.2569032,0.8121106,1.3596534,0.9419774,-1.0962448,-0.24252601,0.30226427,-0.48227555,-0.57060456,-0.5991278,1.6709944,-0.86643153,1.56675,1.5679157,-0.12488458,0.91256475,0.07754516,-1.5603782,-1.0358415,0.9302945
-0.22075316,0.1738514,1.0329093,1.5178428,0.14527705,-0.87834793,0.061406255,0.12838756,0.36702386,-1.3073112,-1.1016237,1.1967036,1.3570364,0.6231773,-0.20987454,-0.35981995,0.31038296,1.4670098,0.061644904,-0.6473649,1.8207116,0.77670646,0.27875683,1.766711,-0.48072678,-0.27660915,-1.3274641,1.8912283,-0.6282098,1.5035274
1.7055247,1.1852468,0.46691453,-0.13359381,0.9565774,-1.7973527,-1.0283035,-0.7492713,-0.14967424,-0.2062664,-0.8077526,1.2424519,1.2404436,1.7686274,-0.53768957,-1.6775162,-0.32197613,-0.21621296,-1.1050116,-0.1935587,0.44082072,0.6110875,-0.91390145,2.4670138,0.54516286,0.5761794,-0.9076751,-0.66240484,-0.81525004,0.7242152
2.2711275,1.7307241,0.027655028,0.45946383,1.1713477,-0.63663536,-0.3300364,-0.13694139,0.89395356,-2.0308213,-1.1009142,0.7936447,1.803147,1.0780373,-0.5511502,-0.008142844,-0.85682356,-0.16112994,-0.49067807,-1.2749708,0.14658624,-0.10791575,-0.21661568,1.5535631,0.3426519,0.7657105,1.0259432,0.28234005,-1.7807359,-0.25424784
1.4211122,0.75395834,-0.20966364,0.47155774,0.30702528,-1.1473902,-1.1102415,-1.3058307,-0.8015511,0.2770424,-0.8855853,2.6810155,2.9019113,0.5656239,0.23507214,0.26273632,0.05465912,0.5582549,-1.4476393,-0.5663123,0.29021224,0.4839462,0.057050534,0.863106,-0.63419485,0.5102139,1.1776623,-1.2667915,-1.3678648,0.46138135
2.7472134,0.5505144,-0.34393924,-0.07248728,0.14850064,-0.021938683,-1.4277337,-0.36970824,-0.960881,0.12914035,-1.7891144,1.5871668,0.21246675,1.8588226,0.6449325,0.7478193,0.0046898574,-0.10608429,-0.42482173,-1.1179901,-0.14429614,-1.7518903,0.64133453,0.77948666,0.07846186,0.16105875,0.6778421,-0.2476155,-1.8042105,0.5481704
1.2646153,0.33268204,1.3525971,0.48532218,1.2392112,-1.5924796,0.21477106,-0.6797902,-1.21163,0.79730356,-0.7940918,1.659885,1.472797,1.7672954,0.5079358,-0.31882828,0.5417409,0.6435353,-1.3520968,-1.282866,0.49500278,0.21983808,-0.09866017,2.3219826,-0.44523528,0.82440794,-0.0895595,-0.16925065,-1.0757569,1.4081379
1.5294379,1.3146334,1.1289665,-0.43408412,1.1318318,-1.2496992,-0.48292226,-1.4026856,-0.6076368,-0.1232151,-1.9281409,0.38887462,2.132507,1.392612,0.08270361,-0.06960651,-0.12738606,-0.51401424,-0.7238529,-1.9451929,0.20077252,-0.9536503,-0.27859306,1.9796534,0.08616341,0.81500566,1.0324214,0.12216683,0.16562901,0.35417408
1.2560569,0.6762675,0.18584256,0.2167387,0.2665431,-0.83077586,-0.6908097,-0.92682624,0.33481836,0.4277155,-1.4914016,2.0512047,1.7676128,2.4527817,0.44434807,-0.076528326,-0.23569721,1.6207048,-1.4260052,-0.7437928,0.6676576,0.020530436,0.23112075,1.1463411,0.26347,0.4232103,-0.11502556,-0.22774832,-1.8561884,1.4081582
1.9852709,0.110799424,-0.48318928,0.69647866,0.45704266,-1.449386,-1.7628964,-0.72777206,-0.25270295,0.5911852,-0.38113898,1.85148,0.48332563,2.6254554,-0.1586498,-1.2250025,0.18370116,0.35354173,-0.3389459,-0.20868263,1.3921182,-0.34544134,-0.16005917,1.6314859,1.1309205,1.0885397,-0.33937687,0.22392435,-1.6193067,0.7806488
2.2188532,0.64960426,-0.07396608,0.4256479,0.46122193,-1.4058775,-1.6321512,-0.3083603,0.6616211,-1.1951128,-1.428629,2.2085702,1.4796675,1.8925986,-0.33359975,0.07250148,0.49858806,0.40619057,-0.2310485,-0.684561,-0.110396676,0.39800757,0.017144728,0.27556908,0.03836844,0.45224613,1.2286717,-1.5557233,-1.858359,0.1113351
1.1599891,0.3786743,0.38225174,1.2565705,1.6997373,0.6459939,0.37928674,0.50277257,0.1734586,-0.09268743,-0.92312366,1.3937813,1.6612673,1.4534154,-0.7963812,0.39278442,-0.19889683,0.6010927,-0.4051514,-0.06589535,-0.5248668,-0.24765378,-0.88687074,1.1697788,1.4035423,1.0899559,0.19532323,0.03489895,-1.9376842,1.2556626
1.669768,1.5311794,0.9770867,0.15418041,0.51150924,-1.7882488,0.13859755,-0.83339113,-0.72305954,-0.6491673,-1.218358,1.041062,1.8982648,1.0859025,-0.93157613,-0.7998826,0.022351816,0.418393,-0.364995,-1.4557996,0.64070505,0.33163744,-0.13648376,2.555661,-0.28717992,0.23862292,-0.68421954,-0.020315215,-0.7634294,1.124736
1.3633711,0.3305072,0.7042813,0.5926659,-1.1254399,-0.9982807,-1.1682459,-1.0774915,0.39764068,-0.36685586,-1.2688627,2.4086895,1.7755219,1.0108229,-0.48790368,0.028211966,0.008617908,1.7936711,-0.49169734,-0.5976914,0.7885385,-0.060653873,-0.55222756,2.1123898,-0.8650726,0.55534816,0.44188482,-0.9288019,0.35734963,0.702349
0.6257223,-0.55127203,1.1573781,0.19236475,0.7064004,-1.6118687,-0.20985466,-0.0771925,-0.5280361,-0.55125594,-0.791739,1.6177924,2.0307777,1.5165396,-0.04047095,1.1844186,0.15915272,0.22134088,0.07094943,-0.010232329,1.2339903,-0.86353624,1.3942866,1.4570386,0.4839553,1.3050652,1.1877879,0.15459122,-1.1990094,1.189113
1.3121786,1.2843134,-0.32809144,0.61939144,1.3761917,-0.4699414,-2.9411387,-0.90368885,-0.34651473,-0.83348286,-0.5924691,-0.39237207,0.6497749,1.6443973,1.1047822,0.47431028,-1.0315708,0.793119,-1.1759936,-2.094068,0.18927982,-0.45378155,1.6627417,0.655663,0.32805735,-0.067430645,0.6306795,-0.7788366,-2.050864,-0.7569496
0.5443389,0.10827353,-0.0826128,-0.3887661,1.6285022,-0.18197237,-1.3920963,0.21207602,-1.5436769,-1.0670556,0.19652848,-0.38121706,0.33683345,1.2758358,-0.7746443,-2.0224893,-0.43298212,0.1809177,-1.3338901,-1.7808324,-0.5556713,-2.7268403,1.4245017,0.99470776,-0.91576356,-0.24170229,-0.41628438,-0.77500874,-1.0936602,0.80070657
-0.070920825,-0.62150055,1.094359,1.924626,0.6663583,-0.14576246,0.48044905,-1.1360499,0.30364397,-0.94105506,0.32758534,1.9643068,0.26612496,1.9848521,-0.10932817,0.13622257,0.5736528,-0.74204487,-1.5512686,1.1732509,0.6235131,-0.056184568,-0.76139325,2.418692,0.11273558,2.0818632,0.72701794,-1.3809124,-1.4765269,-0.40586764
1.632597,-0.2682597,1.1841034,1.8065194,0.014201207,0.47322065,0.26544556,0.0013049394,0.723341,-0.49439052,-1.1207774,2.038454,1.040373,-0.09997648,-0.39747882,0.29822603,0.0036452636,0.4957226,0.18966779,1.5438938,-0.007630132,-0.14818665,-0.56296283,1.5812469,0.27422205,2.265006,1.1138631,-1.7849616,-0.5041572,0.45831499
1.3050319,0.22275043,0.92930084,1.2368859,0.1385388,-1.1317135,0.04441829,-0.27242625,0.6456207,-1.2215588,-1.3694085,1.9687248,1.6806784,0.0691024,-0.54901624,-0.57687294,-0.32203874,0.5087968,-0.10004999,0.69953036,-0.09054775,0.78322476,-0.7985384,1.6939106,0.21146193,1.6768094,-0.049769588,-1.5387199,-0.62560505,0.891247
1.072497,0.49232015,1.6476502,0.5699562,0.2245312,-1.0143209,-0.31842524,0.039473817,0.31304377,1.5469984,-1.0667682,0.8471512,1.8419039,-0.54090905,0.77892715,2.009978,-0.53353333,-0.8849629,0.3413437,0.27166328,1.3369672,1.2824765,-0.82652235,0.09943713,0.9544559,0.43231493,0.5275061,-0.6061187,-0.5297022,-0.80133855
1.2662044,-0.03529437,1.3572663,2.0616274,-0.17092323,0.066282876,0.3629408,0.49512172,0.9720695,-1.4995357,-1.2939724,1.91973,0.94680035,-0.270064,-0.5865011,0.4046746,0.15435722,0.7111006,0.21211573,1.4479878,0.08010801,-0.11575172,-0.09717709,1.3303194,0.13462624,2.0644894,0.9706178,-1.3476187,-0.6839074,0.60774773
1.2700181,-0.37585837,0.87089926,2.1053054,0.072770864,0.62992764,-0.6978742,0.2277375,-0.09450967,-0.39680928,-1.5310689,0.1967878,1.7452936,1.4022906,-0.4650047,0.7029125,0.50619566,-0.41880843,-0.612631,0.16964623,-1.1879392,-0.7220104,0.15393732,0.9232598,-0.2767744,0.8242463,0.5217392,-1.1797881,-1.9010094,-0.38774806
1.2103858,-1.1535357,0.94253635,1.5384771,0.7579629,0.46055877,-0.31747073,0.12208733,0.16934434,-1.6683463,0.36887556,1.2014251,1.5412105,0.4114428,-0.4502212,-0.06963678,0.7531351,-0.57071567,-0.48241532,1.6251322,-0.28714997,-1.1508532,1.4387228,1.0084547,0.23154637,1.5126747,1.2949572,-0.925329,-0.22832628,1.0029418
1.2243476,0.37972996,0.27798653,0.31095406,0.66859233,-1.021686,-2.0754886,-0.5895217,-0.7713964,-0.54290605,-0.6044543,0.62515384,1.4873271,1.7756844,-0.23621753,-1.7106978,-1.5844854,0.96873933,-2.0097282,-1.7958912,0.32077268,-1.5456563,0.6531191,1.9537559,-0.850805,0.48493597,0.30170512,0.44229102,-1.5260767,-0.035452664
1.6778961,0.6157391,0.12942043,0.6847156,0.45948288,-0.7940084,-1.9801697,-1.1905733,-0.19992174,-1.2142512,-0.69582534,1.6194448,0.66200745,1.1867611,-0.52809674,-1.5549492,-1.4707648,1.5945439,-1.4342347,-1.8919201,-0.48113185,-0.64404774,0.6204019,1.6664348,-0.41342488,1.3060198,0.57765955,0.038499728,-1.6689328,0.3181153
1.7822824,0.14070648,0.76002246,0.9921062,-0.4498241,-1.5197091,0.028208748,-0.71068513,1.2412614,-1.0159783,-1.2482485,1.8961078,1.7315819,0.6316049,-0.14698894,-0.069700345,-0.2644839,0.9759999,-1.034827,0.54494596,-0.28319025,1.0115912,-0.45716196,1.9300718,-0.32018718,1.255229,0.78672534,-1.1215105,-0.44973344,0.84496564
0.7783526,0.293126,0.92835987,0.5259034,0.26503253,-1.2721126,1.750948,0.09933241,0.37913013,1.0015186,-1.8178942,-0.554655,2.0159502,0.17894992,0.9182212,0.35621655,0.40873823,-1.1602805,-0.5805907,-0.5309515,-0.118517615,-0.33588126,0.680976,1.9987409,-0.94341785,1.253753,0.7579609,-0.28492314,1.4653369,0.05168429
-0.70596755,-0.018168196,-0.91365093,1.6029768,0.6309424,-1.9746311,1.010363,0.9235668,0.094386354,0.18741328,-1.1828018,1.4273585,-0.7799336,-0.1983518,-1.202057,1.0805422,0.24157879,0.28175315,-0.16588289,-1.2286286,0.18240052,-0.7016926,-0.84035903,1.6127295,1.1557424,0.20351288,-1.259464,-0.9398238,-0.69558567,-1.5295745
0.96108663,1.6157483,-0.16151476,-0.5528082,0.511625,-1.6045798,-1.9950284,-1.2670243,0.32449657,-0.3203162,-1.3839589,0.8408084,0.7849803,1.495292,1.2933033,1.3147931,0.958934,-0.19269168,-0.12296533,-2.1063452,0.2053222,-0.11512131,0.6194401,-0.801037,1.1005977,-0.49712387,0.15503848,-0.43015522,-1.3186259,0.46668112
0.4362196,0.7660275,0.8727426,1.5946994,0.7163325,-0.69645464,-0.9683665,-0.94213694,0.516708,-2.0028977,-1.1488318,2.4183457,2.240939,0.4485005,0.5162048,0.68388975,0.10443301,0.31972408,0.39922544,-0.124629825,-0.087847345,-0.012956783,-0.3007887,1.3375819,-0.6018687,1.5817112,0.32353222,-0.5907785,-1.4090294,0.027925847
1.7419069,-0.07305501,0.5522426,0.2869782,0.24796915,-1.623089,-0.9870895,-0.52541566,0.53054225,0.3179784,-0.7364499,1.6593469,1.3339078,1.5991766,-0.72631896,-0.9745793,-0.7769378,0.21385399,-0.2577971,-0.17860308,1.0190947,0.66390085,-0.7609124,2.4949954,-0.354655,1.0382416,-0.43665025,-1.9730794,-0.690616,0.43894124
0.40187997,-0.63536,0.42862695,0.99709177,0.2949653,-1.5804447,-1.0543329,-0.8645771,0.10783969,0.71615887,-2.296192,1.6165037,0.73095596,1.5994222,1.2092474,0.57504934,-0.029828757,0.12695019,-0.7527207,-1.6857725,0.5532658,1.1099951,-0.00090044737,0.29903716,2.0063026,0.13383931,-0.43379128,-0.84539026,-0.1796443,0.8319276
2.0030525,-0.24750638,0.3987931,0.8481378,-0.50448346,-0.7050105,-1.3841426,0.22938506,0.9459009,-0.6718762,-1.3735359,1.7453742,1.897321,0.90072817,-0.81677717,0.33531654,-0.41658005,0.97044957,-1.2990184,-0.2086416,-1.2428073,1.1379645,-0.25905842,1.6100368,-1.1262343,1.4627557,0.20543617,-1.448017,-0.8520578,-0.52959806
0.51354086,-0.5393969,2.0482657,1.695455,0.2540109,-0.7937571,-1.0420558,0.3941517,-0.6469656,0.10527021,-0.017324328,1.9478315,1.0842252,-0.8003325,0.40034673,0.015283495,0.25575286,-0.93450147,-0.69777954,1.048402,0.81657434,-0.8351045,0.5963651,0.0713584,-0.39290407,0.5749285,1.1458143,0.076421246,-2.4235387,-0.36824876
1.9854754,0.23449036,1.8343763,1.6091336,1.0231235,0.4923885,-1.2579602,1.4906332,-0.57734215,-1.2086209,-1.6794757,1.3236651,0.38315067,0.46953836,-0.27743408,-0.1576849,0.0025168657,-0.53698516,0.6755253,0.048953384,0.9271718,-0.4723284,0.5477892,-0.025057703,1.1520014,1.0396278,-1.2935257,-1.5116841,-1.4803363,1.3047644
1.2960674,1.2684075,0.30334097,-0.24832119,-1.5715024,0.42661375,1.5410872,-0.050777692,0.74750733,1.0438985,-1.7839748,0.51011354,1.2395369,-0.61027145,1.3097457,0.45633018,0.153362,-0.42644355,0.79709953,0.57625043,0.28385115,0.030173313,0.0065878034,-0.0561091,0.8606365,0.7372869,0.030114286,0.26457763,-0.47576988,0.79521066
2.405831,0.283991,0.48568982,0.96804184,-0.41704717,-0.03183558,-0.27746546,0.35524493,1.9677966,-1.3676229,-2.2274404,0.95151615,1.4085401,0.48810562,-0.5668144,-0.53665435,-0.89538884,0.79771495,-0.13567126,-1.2790912,-0.59530944,0.36856967,-1.0149143,0.8977292,0.11876658,1.4754853,1.1263508,-1.3628179,-1.3005111,-1.1602432
1.1688293,1.5443437,0.3999229,1.1190062,1.1621306,-1.2118132,-0.67256534,-0.47560436,0.8341235,-1.101969,-1.377978,0.96755624,1.7489811,1.8791158,0.3913167,-1.8426517,0.09828042,0.74256057,-0.37676668,-0.24174918,0.08463824,0.9046563,-0.43991154,2.1843896,0.27361476,0.13851115,-0.07317885,-0.3354131,-1.5503424,0.6546079
0.7826514,-0.736204,0.13600463,1.1493664,1.6171004,-1.4151539,0.2418046,-0.55585074,0.35385925,-1.4999208,0.08119045,1.3722174,1.1517652,1.4654479,0.37267968,-0.65149754,0.7328633,-0.4358186,-1.8580498,0.013228446,-0.6209449,-0.06332725,-1.207732,1.2721825,-0.63291734,2.8876452,0.74564785,0.04796566,-1.1730586,-0.48111433
0.14002658,0.29528672,0.10652031,-0.5161081,0.9239306,0.88109463,-1.0367434,-1.1045663,-0.5300864,0.68874454,-2.6591191,0.040039152,-0.5113951,-1.8910644,-0.22034618,-0.47361124,0.67497677,0.39388564,0.21012276,0.2729989,0.71521276,-0.053808298,0.946297,-0.47078586,-0.09275659,-1.8938402,-0.64167243,0.22915985,0.4033507,-1.0332268
1.3528961,-0.045145832,1.824625,1.319127,0.94688666,0.13132806,0.428673,0.71881664,0.16073824,0.053808346,1.1888717,1.3769605,1.3010676,0.63494194,-0.18164176,1.4652512,0.022332154,-0.40949294,0.21530959,1.4489859,1.0699353,-1.3815569,0.37661168,1.9456029,1.0646782,1.3878326,0.5636462,-1.4173516,0.7446656,0.6309875
0.50819594,-1.3031442,0.8621367,0.8941781,1.239208,1.1578455,-0.8396075,-0.8648994,-0.18848968,-2.6146152,0.4968422,0.9483529,-1.2110009,0.13117081,-2.8212445,-0.1576059,-0.06710407,1.8650525,-1.9152617,-0.39332432,0.25046673,-1.7215806,1.09093,1.1305555,-0.5564406,1.8366653,0.87764645,0.01575397,-0.8447101,0.31360784
2.062791,-0.7326459,0.59859097,1.3738749,0.07199931,0.50464815,-0.0058937967,0.7979011,0.964326,-0.21923006,-1.6411644,0.8446335,1.6287388,0.8407829,-0.2200832,0.90001756,-0.92495805,0.51197904,-1.055394,-0.9131259,0.40937632,-1.1753519,-0.5001501,0.0056066513,-0.08382853,1.1359152,2.152273,-1.6622602,-1.1983088,0.39417195
0.9527068,0.44089863,0.9662948,0.04472451,0.09374489,-0.37898684,0.18453011,-0.6740878,0.62646484,0.7744595,-2.193167,2.4220052,1.2815474,-0.79081863,0.084155746,1.5139675,-1.176775,1.4426459,0.24117336,-0.075859815,0.70270354,-0.31531355,1.1143076,0.20168108,-0.41521314,1.132478,1.4686615,-2.3649843,-1.7844201,-1.0067357
0.67317057,-0.27899015,1.20513,1.090483,-0.12701593,0.035784803,-0.013605401,-0.7771847,-0.036993325,-0.5341907,-1.3536409,0.25420886,1.6580722,0.8345066,1.0528204,-1.592387,-0.29962274,0.49402052,-0.68855006,-0.83715034,-1.1541232,-0.28011543,-0.16416183,0.91796815,0.73249567,0.52254593,0.7885917,-1.9309347,-2.7400727,0.39263505
0.14652264,-0.44778323,1.0218917,0.45828176,-0.006954858,0.7620332,-0.26214862,0.5521219,-0.9195491,-0.55994344,-1.2312783,1.4384563,0.011158556,1.2769711,-0.07795196,-0.464548,-0.35114872,-0.5445019,-2.634649,-2.003712,0.35345906,-1.3177671,0.2118985,0.436137,0.5341167,1.6642355,1.8444662,-0.12578522,-2.2286525,0.037888408
2.0478287,0.7583477,1.721396,0.7890548,1.1345993,-1.5381048,-0.49643227,-0.5819546,-0.09825311,-0.8135855,-1.0055879,0.9729818,0.8988571,0.60958654,-0.88068676,-1.1246865,0.028899096,-0.70311683,-0.1105659,-0.27248847,1.8474364,0.42520544,-0.13739619,1.9230306,0.3688587,1.2943515,-1.1303998,-0.56989264,-0.20229115,0.40777317
1.315466,-0.0038444027,0.32350844,1.9461993,1.0060221,-0.24228764,-0.72756076,-0.9077902,-0.32084903,0.50478625,-1.3951305,-0.9822753,0.16232811,0.6729134,0.44734922,0.58843344,-1.335827,-0.16878513,-2.1340203,-1.0234257,-0.84713715,-1.1127766,0.029066354,2.5365002,0.27316293,1.1878417,1.0111148,-0.17449331,-1.3783497,0.32336733
1.1856246,-0.042387158,1.0207934,1.7530701,1.6247965,0.74515206,-1.10663,0.07300921,-1.188526,-1.4877406,1.3958936,0.63419443,0.89608324,1.6092532,-1.3044596,-0.19333448,-1.2738218,-0.1954812,-1.404581,-0.009896755,-0.24687773,-0.8593626,1.0234909,2.0576606,-0.42054698,1.4552573,0.35494393,0.3577193,-2.0329652,0.12794155
1.4552718,-0.83615345,0.0361612,0.9762913,0.457407,-1.0213872,-1.3835938,0.6851746,-0.3199895,1.046816,-1.7207236,0.8358856,1.0080994,1.4848013,2.002607,-0.24587844,-1.1524856,-0.4462049,-2.3472674,-1.366414,0.32672936,-1.1398506,1.5625656,1.0864302,0.1691412,0.10973194,0.5640365,-0.713822,-1.0047251,0.14931083
1.6795332,-1.4156208,1.1891844,0.79548436,0.20539454,-0.0018641148,0.09899843,1.151229,1.1348301,0.38680443,-1.1260475,0.7033627,0.7813909,0.9563696,-0.07040664,0.18133041,0.5898854,0.9857697,-0.14316858,-2.3518786,0.21832508,-0.63966554,0.5983893,0.7851535,-0.20808628,1.8662673,0.95432055,-1.7382003,-1.9491991,-0.1967719
0.6873826,0.50634944,0.88094336,1.0161046,-0.047487333,-0.52711695,-1.4784583,-0.49285334,-0.64441144,0.042605728,-0.78500915,0.25447106,2.1250105,1.2259264,-0.019716881,0.55315614,-1.4891787,-1.0354289,-2.3395853,-1.4978483,-0.2669868,-1.0857022,0.6918408,0.77007574,-0.50089043,-0.12414673,1.3324438,-0.4870965,-2.1768847,0.062292516
0.5144823,0.30104432,1.5856038,0.5071793,0.74528635,-0.32343742,-0.7318909,-1.0025913,-1.2437093,-1.4184049,-0.89536715,1.6081386,0.5781374,0.28156704,0.7898372,-0.6598706,-0.8078573,-0.17143446,-1.6238455,-1.788672,-0.0069331676,-0.115125276,1.0963705,1.2541366,0.09289042,0.759922,0.64671785,-0.103466555,-1.7542946,1.6182822
1.7433431,0.080050685,0.38839692,2.309623,0.7856446,1.337996,-1.2841322,0.6848325,-0.09768629,-0.46129212,-1.1984996,-0.4969391,1.3674763,1.1099458,-0.39672604,-0.68064135,-1.5754107,0.25494227,-1.0160873,-0.58386576,-0.32078522,-0.1981554,0.8727958,0.9297875,1.2085333,0.6528301,1.6369017,-0.9284265,-2.7184577,-0.024134101
1.6187557,1.594087,1.0791091,-0.07106112,0.89736384,-1.7953236,-0.85708773,-0.5414255,-0.011776503,0.15688932,0.37326384,2.2679813,1.5992359,0.96466786,-0.22867796,0.04453136,1.0553287,0.39270726,-0.2849963,0.6333369,-0.46002573,0.31453437,-0.31515506,2.16105,-0.25314918,-0.26257405,0.4451151,-1.8081162,0.35443574,0.9984736
0.35580015,-0.5937156,1.2012606,1.689057,0.68743193,1.2944024,-1.0529811,-0.39096648,0.5385374,-1.3885343,-0.93274117,1.894701,-0.21519524,1.8353508,0.062851764,-0.9863513,-0.15396142,1.2155093,-1.6425828,-1.3977691,0.11410847,-0.02651868,0.8299302,2.1059036,-0.033316426,1.5744737,-0.4972188,-0.7155914,-0.98307955,0.019315718
0.81213236,0.118867375,1.2229308,0.0014088601,0.028166184,-1.9172405,-0.60128105,0.601965,-0.07385613,-0.79432154,-0.66825515,1.8108885,0.94426405,1.1019899,0.35958835,1.0286539,0.19392082,0.46944344,0.14997828,0.50902367,0.28418437,-0.69474155,-0.68961143,1.8784516,0.7437684,1.6157805,1.0485399,-1.1694324,-1.3756973,0.8983715
0.8768866,0.6663019,1.5640118,1.2072724,-0.48389527,-0.5274692,0.9330666,0.89632463,0.69808984,-0.34471425,-1.9330008,0.68424195,1.309454,0.30612528,-0.018835597,0.19966304,-0.2096596,0.5618962,1.8790228,-0.33010894,1.1731173,0.8130874,-0.9934837,0.19125935,0.6879062,0.6522293,-0.7460897,-0.25467664,-1.890958,0.18422872
-0.22143427,0.40761754,1.5150417,1.5353705,-0.37884736,-1.271548,0.38760588,0.3187487,0.85996866,0.8855498,-1.6158217,0.15867403,-0.25834033,-1.2971077,0.43644872,1.6182426,0.2624044,1.2231699,-0.67256635,0.76857185,0.69154364,0.07777027,-0.6558086,-0.0829519,0.7631765,-0.43536046,-0.30236602,1.0310841,-0.2795166,0.43601024
2.7349946,1.1679932,-0.013038814,-0.53004473,0.7903718,-1.2328137,-0.43551704,-0.32459432,-0.27890596,-1.1524355,-1.1287012,2.8018634,1.8296589,1.4149764,-0.35164365,1.0086676,-0.63963014,-0.38611272,-0.25471184,-0.5615028,-0.21464181,0.20080432,0.051579267,-0.060914874,0.0841125,1.1005743,0.73550385,-0.9497321,-1.0553029,0.075445436
1.9130906,-0.7321224,0.91518074,1.5004429,0.40916955,0.36448085,0.6623379,0.37424207,0.96868837,-1.1259267,-1.275879,1.8463589,0.874519,0.49594826,0.060038902,0.21873434,-0.03680826,0.18837935,0.051425047,1.3495992,-0.29720467,0.9637337,-0.74765486,0.9074319,-0.6700402,1.76129,2.033632,-0.85328454,-0.9336603,-0.5486402
1.9577248,0.2754081,0.24602748,0.4324209,0.26490486,-1.4746594,1.0353394,-0.17373265,-1.4433554,-0.4636169,-1.938624,2.3847337,0.86522114,-0.39617664,0.3698956,-0.27701926,-0.7724263,0.27479684,-0.057703003,-0.62597924,1.0311234,0.02122856,-0.43063778,1.1767437,-0.9753398,1.5673376,0.8882865,-1.1582358,-0.62651575,0.1415588
1.5944555,0.5591326,-0.090851575,0.033258066,0.5444414,-0.049690515,-0.2142837,1.7609042,0.47287968,0.2935245,-1.2506171,1.2544632,1.4544231,0.7540942,0.30708793,0.1913326,-0.5313884,0.051585857,-2.7144706,0.33975562,0.30696592,-0.9923172,0.08470391,0.5322377,-0.16367367,2.1007829,1.2361684,0.31619906,-1.4775494,0.92871696
1.9491508,0.47515538,0.95375216,1.1079305,-0.16295756,-0.42279366,0.6158606,0.52708495,-0.17913704,-0.8756217,-1.8585207,1.5496095,0.97510123,1.1801385,1.1362265,0.5090401,-0.5944408,0.93939817,-0.95487213,-0.19276491,0.4210065,-1.447265,-0.6096179,1.147728,0.45716354,1.4688916,0.36031651,-1.0786211,-0.9453595,0.4511782
0.45527512,0.7793547,1.3629699,1.1173127,-0.2553034,-1.0144181,-0.634449,-0.43869245,1.2992691,-0.028444186,-2.4238033,0.6997735,0.46964613,0.1785878,-0.87082344,0.543557,0.020757101,-0.20516731,-0.23389444,-0.5910485,0.59991944,1.0246465,-1.4885426,1.3606751,0.79713017,1.5053549,0.5067293,-0.5935706,-0.65383106,1.0096186
-0.5814779,-0.089357965,-0.1232032,1.3391188,-0.44124067,-2.4803655,1.2674894,-0.45894653,1.1572758,1.2644595,-2.1423192,0.26466984,-0.08952421,-0.08613914,0.76978153,1.0893769,0.563008,0.13969247,-0.60898954,-0.14347407,0.014163561,1.1689457,-1.0445566,0.08831245,0.32531133,1.4897254,-1.9213005,-0.409526,-0.14002754,-1.3107882
2.0720987,1.8068368,0.63164145,0.052590027,1.633393,-0.98519635,-1.536979,-0.1761939,-0.9203197,0.30303416,-1.2955914,0.12328833,1.0611593,1.3715487,1.4377824,-0.46699196,-1.8684326,-0.27044913,-0.09724434,-1.7043446,0.39581206,-0.96415645,-0.8002543,1.8977094,0.07521435,0.6627104,-0.3910947,-1.4372959,-1.1073174,0.6151112
1.1370006,1.7529098,1.1771297,0.69349587,0.47990352,-0.3990742,-0.50370044,-0.023134783,0.8014605,-0.7591723,-0.36452758,1.3673168,1.164993,1.3140936,-0.3987784,-0.25661552,0.99814683,1.2672484,-0.2914849,0.9654747,-0.5589566,0.23265144,-0.2764071,0.21573067,0.90380913,-0.39629218,1.1314343,-2.7190216,-1.9461441,1.3043181
1.2762535,1.154411,0.8469338,-0.26056778,1.2308973,-0.55198395,-0.09178472,-0.20641312,-1.1871449,-1.1166747,-0.48074108,0.12882671,1.1879474,0.024197444,-0.8878508,-2.4487069,-1.3820287,-1.737161,-0.19188072,-2.0343456,-0.5441658,0.591488,0.032585293,1.4724834,-1.0186572,0.39318,-0.31435436,0.24315555,0.3131935,-1.0454811
2.3586833,1.1317211,0.4195127,0.27156678,-0.039944638,-0.21516527,-1.1740775,0.06934427,0.1578075,-1.0791806,-1.4137502,1.9042399,1.3809402,0.3944708,-0.9175684,-0.87107366,-0.12338573,-0.39939693,-0.058624867,0.088560164,1.3963165,-0.06267092,-1.138953,0.60871655,-0.27242634,1.6713339,0.88546634,-1.467428,-1.1946696,0.09600207
0.8647171,0.31083673,1.0654429,2.0119793,-0.024216356,-0.54768103,-1.2297804,-0.21615176,-0.44287795,-0.07858666,0.17200597,1.2426734,1.3051106,0.74468446,-0.3756413,-1.573504,-1.3063337,-1.4707481,-1.4119072,-0.52070826,0.010457411,-1.1995052,0.56233335,1.5036774,-0.36083385,0.2746024,0.992155,0.36757892,-2.1687293,-0.32312357
1.5382179,0.6499476,0.92427343,0.8489421,0.11308704,-1.2343519,-0.4718691,-0.823774,0.7811526,-0.34297755,-1.3480922,0.27415177,2.1667423,1.4011853,-0.6100166,-0.69688356,0.38575494,0.028382681,-1.1435547,0.033001125,-0.8395451,0.8877691,-0.818703,1.6619291,-0.02585607,1.2103647,0.42529878,-1.2534374,-2.1317809,-0.02352965
1.9083397,0.31079906,0.8169904,0.6713319,-0.5326277,-0.6017844,-0.053110346,-0.5976259,0.8148148,-0.29469794,-1.2419769,2.1323898,1.9645385,1.4326959,-0.65033495,-0.055435017,-0.30134398,0.48661867,-0.5734459,-0.45756793,0.56478316,0.8446135,-1.0701382,1.8829639,0.40802523,1.6975987,-0.68689495,-0.8053916,-0.7900904,0.5982432
1.1926885,1.0927005,0.81104034,-0.61769587,-1.0509853,-2.7347574,-0.89457655,-0.30709654,0.54406357,0.94953513,-0.42781103,1.3657143,1.7571331,1.9082584,0.65196866,0.6461447,-0.9004612,-0.6715505,-0.88505334,-0.5487367,0.18186316,-0.20785657,-0.45181376,1.0664285,0.8783253,0.2660695,-0.08452607,-0.69757897,-0.4138338,0.06574923
1.7343042,0.5402113,0.30524504,1.0429575,0.17043376,-0.9955173,-0.8490294,-0.56843543,-0.3578769,-1.3948196,-0.61565584,2.2007737,0.3210159,0.92268443,-0.65016186,-2.0163295,-0.62363046,0.2516498,-1.0430279,-0.028317183,-0.6514217,0.28379068,-0.112501815,1.4809129,0.987186,1.9247471,0.41096625,-1.3214062,-1.1328862,0.6615535
0.9521042,0.9050145,0.926514,1.7924498,1.7093942,-1.0055643,-0.77412784,-0.6479088,0.4864429,-0.90304446,-0.5027415,1.522711,1.2594203,1.036601,-0.24547422,0.107438,0.78396994,-0.3483417,-0.005517915,0.63420916,0.8855876,-0.80258656,0.17307818,2.343246,0.6269067,1.0050243,-0.03609831,-0.9814355,-0.012571439,0.80564123
1.5973635,0.73533165,1.0303582,1.8778557,-0.34299845,-0.12671098,0.4146497,0.14607804,0.5192908,-1.2752254,-0.7553415,1.8523967,1.7786556,-0.061940998,-0.5137005,-0.33884567,0.36388665,0.58268714,0.74706507,1.7927896,0.15632159,-0.05853142,0.25629628,1.710099,-0.14367181,0.62249434,0.60267603,-0.57385284,0.6271403,1.1808032
1.7595743,-0.26181364,-0.37680727,1.1141292,0.88674456,-0.77570266,-1.0267996,-0.84219545,-0.2245436,-0.18891145,-1.2739776,0.45416847,1.820253,2.2401402,1.1154765,0.20262332,-0.17879477,0.24852525,-1.1443174,-1.2194356,0.39005163,-0.6172278,1.0431597,1.6308401,0.5258753,0.23386872,1.7374102,-1.4004595,-1.8089938,0.14982623
1.200014,0.083009325,0.8466777,0.6123987,0.6709171,-0.97033244,-2.1480927,0.22923572,0.64602447,0.04956305,-1.266267,2.359594,0.44655022,0.86175066,-1.2443582,0.575111,1.0025717,1.5965662,-0.44487438,-0.756575,0.8038502,-1.7760671,-0.1718775,1.8019836,-0.58804476,0.8361783,0.29572767,-1.4402766,-0.605718,0.033204675
0.9662082,-0.36135313,-0.40248007,1.4085077,0.91889846,-0.19344348,-0.21292529,-1.4319475,0.88026905,-0.51743,-1.0827991,2.4641206,2.2576761,0.58890736,0.7336617,-0.44678384,0.9519804,0.45192084,-0.7753544,0.9501486,-0.44167185,0.31043497,-0.16736686,1.8777981,0.21880624,1.5324992,0.87045234,-1.1879346,-0.33230042,0.5421544
1.2372786,0.120483615,-0.059252717,1.2254864,-0.3270595,-0.9086619,-1.7783343,-1.6767907,1.0923649,-0.6666806,-1.8850917,2.399023,1.1230168,1.4409888,-0.04069566,0.73960346,-0.3854675,1.2869587,-0.94865674,-0.9733839,0.5808627,0.5974879,-0.95512825,0.6473605,0.30309317,0.22571993,0.95377105,-1.4645301,-1.7002734,0.61690205
1.656309,1.237508,0.68267184,-0.22858639,0.4646847,-1.1215825,0.250962,0.8395806,-0.8445275,-0.3304227,-1.9657315,-0.4312318,2.0547235,0.50927556,0.2590215,-1.1721292,-1.5543323,-1.4481083,-0.9660761,-2.3407817,0.19601598,-0.7783089,-0.5495435,1.2340136,-1.0711944,-0.15128636,-0.2786513,1.1985457,0.053131923,-0.05383694
-0.48292223,-0.005860448,1.0840769,1.5045416,0.3668585,0.7767304,0.061849177,0.56860507,1.0758836,-0.054046884,-0.8738664,0.7231096,-0.86810184,0.27276802,-0.57662654,-0.028529242,0.23265225,1.9314609,-0.4695757,0.8545928,-0.42204684,-0.7601999,-0.4082411,0.16885613,1.149117,-0.011184156,1.1869249,-0.72179234,-1.9200176,0.48170295
0.49308115,0.44568202,1.2198645,0.87708277,0.42089832,-0.63365793,-0.49781495,-0.22715473,-1.1285672,-0.09636962,-0.70708495,1.5546296,0.8727932,0.51080483,0.8482326,-0.13277952,-0.8030198,-0.43638536,-1.8531725,-1.1419696,-0.44393516,-1.1605593,0.61360353,2.1154745,-0.07306289,0.6867826,0.6085427,-0.609783,-1.5110441,0.8557558
1.4365482,0.16667214,1.5688082,1.2572316,-0.10264377,0.23752706,-0.7771946,0.24360944,-0.32637522,-0.31630176,-0.3763678,0.79065114,0.8995136,1.1071057,0.411661,0.37218744,-0.9863276,0.22526999,-1.5585676,-1.9836506,-0.44206643,-1.0935618,-0.946546,1.1324966,0.26713303,1.0715747,0.4059994,-0.5882992,-1.5764129,-0.19004402
1.509818,-0.8039394,0.21310388,0.9078391,1.3841524,-0.74206483,-1.10085,-0.16726194,-0.65047073,-0.089854494,-0.84686947,-0.06437533,1.7857783,-0.20440489,0.016468622,1.3600191,-0.0016433522,0.426665,-1.3765248,0.64943826,0.45064124,-0.2590699,-0.006850153,0.6869184,1.5190852,1.3643521,-0.092449196,0.920659,-1.5710691,-0.78713745
1.3773073,-0.14078867,0.44086283,0.67235154,1.5439901,0.122190215,-1.4223502,-1.1216576,0.35497695,-1.0670637,-0.273036,-0.00051610917,1.4832275,1.7848876,0.15255821,-0.9027327,-1.4981012,1.1895003,-1.8465893,-0.8525586,-0.37519115,-1.3569065,1.8714635,1.0828044,0.124135084,0.8384379,0.9577679,-0.34449446,-2.447056,-0.43891653
-0.06627953,1.025468,0.7487672,1.0129105,-0.376734,-1.4884835,-1.3382221,-1.0821408,0.81398106,-1.0066128,-0.24256463,2.0030677,1.002337,1.6239266,-0.072700866,0.41758853,1.4999249,-0.10644682,-1.5731077,-0.5721687,0.11823578,-0.59180737,0.001813367,1.9726756,-0.14883876,0.59850454,0.16404492,-0.61256224,-1.6971338,0.2471264
0.73295957,-0.13037246,0.42349744,0.47743332,0.21591094,-0.020396389,-1.538032,-0.0278785,-0.66454625,-0.3407687,-1.4455832,0.7577612,1.2061028,1.6258869,0.21730068,-0.8930308,-0.2736037,0.14096822,-1.8473996,-1.904121,-0.4824919,0.3012726,0.11894441,1.918432,0.7644724,1.1027949,1.2710875,-1.5031937,-2.4051945,0.19226936
1.3048886,0.12101821,1.5050305,0.8041547,1.406938,-0.2231933,-1.2515455,-0.2564361,-0.7262087,-1.217372,-0.67209005,1.9894778,1.0904083,0.88892967,-1.1655624,-0.81836253,-1.1180819,0.21598738,-1.2079886,-0.4708563,0.38417432,-1.4038664,1.4805343,1.2457572,-1.1163945,0.95132244,-0.16696608,0.4244761,-1.7296916,-0.14354415
1.9397804,-0.59580606,0.65178597,-0.44855386,0.13328789,0.19288576,-1.7012535,-1.4956379,0.14325534,-1.9321477,-0.20535247,1.5026443,1.4823741,0.6064672,-1.6828516,-1.3904953,-0.34610805,0.87801623,-1.0143085,-0.67678034,-0.67242265,-0.2003758,0.66994786,-0.040434897,-0.8786688,0.764202,0.49568534,-0.49176246,-1.3322219,0.34826934
2.0018256,-1.043454,0.835053,-0.2029097,0.56302226,-0.41992733,-0.7357248,-0.52219266,-0.08071588,-0.27210778,-1.5372901,0.74874485,1.1716633,-0.102283716,0.41835806,-0.5595908,0.6267952,-0.31338778,-0.5686096,-0.5948261,0.87049496,1.1012712,0.041545216,1.5268068,-0.40573624,1.9156381,1.1292367,-0.3945511,-1.8722383,0.7566237
1.067647,-0.14879483,0.6901211,2.4404058,1.0215025,-0.40160736,0.2757133,-0.038004383,0.8788576,-1.3924204,-1.3308237,1.672199,1.1444595,1.0574305,-0.8450986,-0.82608,0.28402933,1.558244,-0.23606065,0.7154211,0.35293454,-0.047779687,-0.40817755,1.8288043,1.4266707,1.1638533,-0.4386787,-1.1869955,-1.2107991,-0.82561153
1.6753904,-0.9747892,0.7743636,1.7517271,-0.2063903,-0.50299567,-0.5286881,-0.11957738,0.2809001,-1.0199565,0.83514935,-0.7969221,2.3438683,-0.23220143,0.25801677,0.2509219,-0.031821102,-0.42418855,-1.27812,-0.44437733,0.302791,-2.0077922,-0.105317295,-0.13624483,-0.31831306,0.84052444,0.31867403,-0.27305698,-0.7213015,0.70723397
1.2533516,-0.8891564,0.3056926,0.73259187,1.7832034,-0.23228477,-1.2423841,-0.41393775,0.71458924,-0.5289972,-0.09664042,1.6844177,0.4871923,1.8007851,-0.40215707,-1.4022368,-0.9831186,1.612271,-1.4506581,-1.3036541,-0.63939977,-1.3149973,0.20679131,2.0099626,-0.15791813,1.7869743,0.677744,-0.38598925,-1.5098923,0.11953944
-0.010039896,-0.36717865,1.574952,0.8333742,-0.7303992,0.29190087,-0.90004396,-1.3134543,0.21325569,0.14466313,-0.100974366,1.421301,2.1429508,0.6235352,-0.45907873,-0.16652761,-1.3728398,0.98725927,-0.98166245,-0.94356,0.48498163,-0.16896766,-0.44923365,0.584226,-0.15330559,1.4422603,0.20389423,0.68934894,-2.0398738,-0.21472827
1.1010802,-0.2198919,0.41805452,1.081419,-0.9596962,-0.62655145,-0.21984917,0.5427797,0.10663277,-0.95002556,-0.48285103,1.4996017,1.26143,1.254494,-0.4776567,0.3580569,-0.94477445,0.7654331,-1.9533036,-1.4659878,-0.05627417,-1.0027126,-0.43156242,0.48920178,-0.101814054,1.6002051,1.148094,-1.992465,-2.0986423,-0.62209576
0.89862967,0.014231302,1.5627693,0.61853117,-0.36730263,0.17080282,-1.7614914,-1.0470039,-1.2446158,-0.6360046,0.89905155,-1.2155894,1.7101071,-1.1376488,-0.11025858,-0.7658043,-0.6204709,-0.80982083,-1.6705941,-1.0849417,0.36907786,0.52272636,0.69918895,-0.5867896,-0.34908122,0.7855445,-0.38540006,1.6813169,-1.4782091,-1.1747726
0.7441269,-2.3906605,-0.106627494,0.7890008,1.0595367,-0.8686436,0.69925845,-0.28615206,-1.833276,-0.24370289,-0.8426477,-0.28543642,1.0786667,1.3843307,1.7609637,-0.60581005,0.9209873,-0.07514416,-1.2263312,-0.8055489,-0.17082945,-1.1679527,-0.39382032,0.9567862,-1.1938152,0.81126237,0.84794456,-0.93331987,-0.66839594,0.84360677
1.7947067,0.025074907,1.2194295,1.3376831,0.8134055,-0.16110045,-0.60503405,-0.53944635,0.5908735,-0.7508452,0.9311314,2.1239598,-1.063454,1.9357736,-0.1291165,1.2775239,-1.7235708,0.5491618,-0.85451585,-0.16536261,0.4695569,-0.036012124,-2.0508153,1.6092491,1.3489819,1.2852987,1.7862835,0.043439046,-0.016077816,-0.20492625
1.5498422,1.0042382,0.13768305,0.3079303,0.49495518,-0.7099539,-1.8535665,-0.5889009,-0.45404127,-0.46102926,-0.6324106,1.5536139,1.5415276,1.1998358,-0.6974274,-1.0383345,-1.0236244,0.264266,-1.7741985,-1.6900281,-0.44555163,0.50278974,0.640679,2.2190855,-0.4253942,0.7112689,0.7792377,-0.5669105,-2.3436441,-0.25491536
0.97798944,-0.34123212,0.030402213,2.114227,0.5869796,0.16453795,-0.22729784,-0.31924832,0.6052474,-1.5918107,-1.013316,0.5809131,1.3892901,1.3754399,0.67938405,-0.7217427,-0.82631946,-0.4348946,-1.8769388,1.3395647,-1.0096523,0.016571574,-0.2963209,1.9476509,-0.43083456,1.5421042,1.0895692,-0.16681731,-0.44596833,0.43792856
1.1486249,0.5878961,0.5384959,0.34023368,1.1410868,-2.0573854,-0.73244286,0.050309792,0.2831404,-0.5109004,-1.0864394,1.7918233,1.6773623,0.39143342,-0.5412846,-0.8743146,1.1589068,0.5426982,-1.3165923,-0.5387496,-0.4672283,-0.22571418,-0.6994625,1.9125373,-1.1139227,1.7947315,0.13851303,0.87020487,-0.9366908,0.6284408
2.0095046,0.51204586,-0.027286924,1.3354467,0.9515789,-0.4569242,-1.2674534,-0.07243018,0.3212621,-1.5663356,-0.6589251,1.9482598,0.6829568,0.5963407,0.13526228,0.13035743,-1.4462436,1.2977114,-1.495277,-0.882357,-0.5616634,-0.3469803,0.2070473,1.8507953,-0.30078575,1.0433205,1.5373542,0.028481975,-1.099521,1.0031575
0.6423175,0.37973806,0.3529231,0.5560133,0.9033445,-0.36324304,-0.9437525,-0.6082641,-0.43440333,0.18632841,-1.1055605,1.0794269,1.8829298,2.1287827,0.16510123,-0.76406664,-0.7634083,0.3260079,-1.8025553,-0.9462887,-0.38049322,-0.770224,0.061535105,1.887949,0.63350624,0.14974284,0.87190944,-0.8140384,-2.1189225,0.5614572
1.3326973,0.37433532,0.6389638,-0.3661664,-0.2501389,-0.74390453,-1.8818636,-1.4758105,0.56617665,0.43758634,-1.6619825,1.4745611,2.4706268,1.2439022,-0.3307726,0.53814787,-0.9574474,1.5838665,-1.4701767,-1.0349692,-0.2575928,-1.1667325,-0.010300413,0.09616056,0.16574708,1.4276837,1.552273,-0.2050248,-1.4450611,0.13555509
0.7235301,0.13956016,-0.00014066696,1.4298133,1.4150034,0.04987354,-1.2967342,-0.57076067,-0.054830045,-1.3247098,-0.87462217,0.9146612,0.8911587,1.5049338,0.2910779,-0.663324,-0.5290356,1.3923581,-2.5796146,0.35358182,-1.3283682,-2.296413,0.84738034,0.71678853,-0.33603454,0.66354686,0.5214564,-0.5842755,-1.2435867,-0.43288893
0.8008144,1.2857833,1.1494539,1.3764659,-0.35041326,-1.0549656,-1.5178899,-0.53958756,-0.9507865,-0.64081764,-0.403911,0.7447563,1.1384066,0.6710738,-0.2464776,-1.4294548,-1.8762406,0.9470961,-1.4492503,-1.0047431,-0.45337164,0.23882106,0.39601633,1.7579839,-0.86177945,1.1586733,0.76302993,-0.36075187,-2.2106354,0.41317144
1.8753973,0.57751465,0.042563617,0.7322951,0.111043036,-0.94493735,-0.733812,0.31259775,-0.54543996,0.14413881,-2.0535836,0.45328295,1.4778345,1.0784435,1.122865,-0.2673056,-0.9650251,1.392502,-1.4116213,-1.7650684,0.0051173717,-0.7844721,0.5950592,1.9049706,-0.72067124,0.737033,-0.027394183,0.36787313,-1.0546876,0.52211505
0.45464474,0.09219337,0.7187808,2.0821702,1.0524533,0.7331297,-1.115843,-0.036822975,0.7476411,-1.1920447,-0.38053405,0.3263194,-0.11598775,1.8903143,0.51905406,-0.8497663,-1.6841141,0.62673336,-2.3564026,-1.2424569,-0.4749738,-0.7986616,0.6532064,1.7468784,-1.2152984,1.1552979,1.1039201,0.15273507,-2.540126,-0.03286451
2.1559775,0.3278298,0.0131126195,0.49369025,1.090854,-0.8398538,-0.5554408,-1.5582863,0.956184,-1.8686757,-0.32841033,2.2472548,-0.043410912,0.8531792,-0.08213795,-1.5309136,-0.9319568,2.4840899,1.0089463,-1.2304051,0.7513776,-0.6947333,-0.61387265,1.8751397,0.6336834,0.8974581,0.33191273,-0.23830797,-2.0025516,-0.8105516
0.62102723,0.45347634,1.4481742,1.5441958,-0.6139193,0.10173779,-0.48323387,-0.5507787,0.017364122,-1.6131465,-0.6506683,1.8001848,0.5335934,1.2892568,-1.1640034,-0.7151823,-0.39360735,-0.44165134,-1.5452763,-0.9024043,-0.51644105,-0.2087085,0.41634482,2.0376453,-0.14419958,1.0503474,0.8903547,0.25442165,-2.2873511,-0.0334087
2.1105084,0.9745678,-0.46658456,-0.27538902,0.1158254,0.4018457,-0.9256209,-0.9260485,-0.66473305,-0.38874114,-1.0331558,1.0898838,0.46277234,0.744056,-0.22609606,0.1299046,-0.7348296,0.62770283,-2.2344372,-1.4397386,-1.163261,-1.1185353,0.94581187,1.939786,-1.0076433,1.5920464,0.5630573,-0.37626898,-2.4462948,0.041284293
0.82946205,0.4230329,1.2470888,0.42397425,0.6107741,-2.9566348,0.6818702,-0.14909379,0.20296855,-1.3056983,-0.57351786,2.0189896,1.0938908,0.60747916,0.0210445,-0.84505683,-0.30522788,0.6203945,0.043215968,0.49788466,0.32571453,0.5482779,-0.20432141,2.22178,-0.21995035,1.4954903,0.15997845,0.0051658303,-0.5207016,0.1200158
1.3461543,1.0892596,0.013616264,0.43040603,0.09887299,-0.8925987,-0.9551935,-0.92943484,-0.7637601,-1.0399873,-0.73752666,0.8905399,1.97954,1.5844901,-0.2730135,-1.0997193,-0.83562404,-0.26718232,-2.0516374,-0.9836463,-0.15795079,-0.319154,-0.5156546,2.3347092,-1.0148005,-0.08230299,0.56090355,-0.6800098,-1.5320547,0.5867749
1.1830955,0.8674917,1.3835199,1.0425617,-0.25877517,-0.7440419,-0.70905554,-0.2654426,-0.40758404,-0.26592767,-1.1762034,1.23075,1.4916898,0.26753926,0.034471296,-1.7844771,-2.0649078,0.46178755,-1.5511185,-0.7385037,1.02266,-0.07665791,0.48166943,1.7200797,-1.2190161,1.1068574,-0.64545625,0.31239516,-0.8195294,0.5700366
1.8961151,0.20381722,0.99319273,0.7924568,0.18214808,-1.3434167,-0.5368948,-0.43197668,0.7098106,0.84191406,-0.11208679,-0.8743487,1.1171614,-1.2706037,0.6773928,0.5580196,0.28733927,0.5562975,-0.9708199,0.34435156,0.16394916,0.06758765,-0.9550356,-0.3920412,0.16093376,-0.046410203,-0.80110914,0.91317815,-0.6519951,-0.0957303
1.6515722,-0.43539113,-1.1030092,-1.0667369,1.2745742,0.8295315,-0.17805499,-1.3131149,-0.101555094,-1.7314727,1.1070007,-0.005067751,-0.21684939,-0.4076206,-1.4020861,0.5955905,-0.36101887,1.5561819,-0.18763293,0.3947747,-0.51955616,-1.3266989,0.062358066,1.9156442,-0.9843703,-0.9662435,-0.41490275,0.10623844,-2.3042808,0.14672543
0.45745742,-0.100835815,0.34613776,0.26859492,0.25244588,-0.054312684,-0.3303811,-0.25982708,0.033356924,-0.18167855,-0.5573209,0.28098142,0.49993923,0.16150615,-0.014880516,-0.013343781,0.16806442,0.10988814,-0.23304766,-0.33517343,0.16695628,-0.2780479,0.2488345,0.5950217,-0.100670375,0.44399098,-0.019369252,-0.19004683,-0.6150893,0.23785205
0.45745742,-0.100835815,0.34613776,0.26859492,0.25244588,-0.054312684,-0.3303811,-0.25982708,0.033356924,-0.18167855,-0.5573209,0.28098142,0.49993923,0.16150615,-0.014880516,-0.013343781,0.16806442,0.10988814,-0.23304766,-0.33517343,0.16695628,-0.2780479,0.2488345,0.5950217,-0.100670375,0.44399098,-0.019369252,-0.19004683,-0.6150893,0.23785205
-0.3094491,0.87056184,0.52725893,-0.23613156,-0.46028447,-1.5453814,-0.9059372,-0.92455405,0.4647471,0.205697,-0.43697947,-0.69711626,0.18140036,1.3498142,-0.58511007,-1.3817012,1.4940313,-0.019742541,-0.9619382,1.4329101,0.20663586,0.4759491,-1.533673,1.9783928,-0.79865617,1.022144,-0.06526957,-1.692969,-1.7643543,0.8696966
0.8179937,-1.2438967,0.9412156,1.0105566,-0.09847559,0.5354619,-1.5085187,0.14846797,1.2015884,-0.3157966,-1.6978,0.536885,-0.052277416,-0.6825814,-0.74122167,0.6579161,-0.25744364,0.22751671,-0.47720537,-0.5766616,-1.6110483,0.6131237,-0.82793504,1.3748381,1.2150924,0.60204214,1.8086858,0.49668503,-0.46665144,0.66087836
-0.8588853,-0.041222505,-0.2777655,-0.51157767,0.038569376,-0.9261442,0.2401951,1.2992235,0.04001058,0.13162217,0.83675665,-0.84924895,0.47204897,0.8951665,0.3269608,-0.56992877,0.52343696,0.1096288,0.6638225,-0.061266184,-0.9886122,-0.7835183,1.9028094,1.024366,-0.32871282,-0.6200794,-1.3841908,-1.0255657,0.16764136,0.6924731
-1.2508006,0.65754783,-0.11961007,-0.22561522,-0.5866133,-1.0905423,-0.19563532,-0.099471405,0.12958193,-0.3815297,0.78370786,-0.057137325,-0.5505786,1.0798519,0.2825813,-1.0691355,1.6576104,-0.89026856,0.3600818,-1.6327889,-0.17726609,-0.023395602,0.6075267,1.321394,-0.7483683,-1.043417,-0.54393417,-1.2446666,-1.4843009,0.91186625
-0.578869,-0.44561732,0.57514006,0.91675264,1.2085875,1.1636822,-1.746061,-0.7513794,-0.7986376,-1.0470078,1.4928114,0.13253462,-0.0013751388,0.96033293,-1.401739,-1.9788784,-1.653169,1.1734985,-1.840208,-1.5957719,-0.51563525,-1.1364344,1.0795426,0.10219906,-1.6275353,1.4646617,1.0783314,0.4905929,-1.7686986,-0.44574672
1.7101152,0.8686955,0.6961935,1.399094,-0.5507846,-0.30429453,1.4210224,-1.0709848,-0.20969136,-0.21278247,-1.3639234,1.9344841,-0.4136524,-1.3349338,0.026653,0.34652102,-1.3836219,1.2278286,0.4897457,0.76805854,0.67398363,-0.030843213,0.044756383,-0.24516219,0.47529683,2.669708,0.35329607,-1.6350608,-1.3870238,-0.035594612
1.0629551,0.4348311,0.91343707,0.454459,-0.24187168,0.29471797,-0.6413777,-0.062665656,0.8550569,0.31488374,-1.3873291,0.34211293,0.8168882,1.0364928,-0.017597362,-0.6551483,-0.8619641,1.3665183,0.4503151,0.12013763,-0.88239884,0.3066804,-1.7767596,1.7031643,-0.53728753,2.0989146,-0.19885379,-2.4035227,-2.1492417,-0.072746605
1.7383832,0.8363278,0.15533504,-0.34850234,0.42271146,-0.4836085,0.40846834,1.1254425,-0.9705608,-0.10742305,-2.3834364,-0.52431184,1.6128153,0.96895254,0.5927169,-0.6658906,-0.95230055,-0.77276486,-1.4604237,-2.1825507,0.2756035,-1.4303955,-0.5301385,1.5289702,-0.9280705,-0.010011703,-0.13719246,1.1543694,-0.28735274,1.0073725
1.0474361,0.21268141,-0.5217513,0.4126479,0.035817467,-0.23460297,-1.2975295,-1.6423317,-1.2538834,0.8771696,-0.4753368,1.484562,1.0878565,1.1274526,-0.17989692,-2.6251664,-0.4566683,0.8902981,-1.7788637,-0.66565245,0.04398329,0.052595988,0.28375104,1.5495551,-0.013529852,1.4776431,0.74792284,-0.048953637,-1.5963103,0.6625486
0.8917171,-1.553196,-0.05200179,2.2815292,0.36410332,-0.6843638,-1.8447739,-1.0791476,-0.22526667,-1.587388,-0.07552226,1.831728,-0.17122939,1.4390862,-0.44903794,-1.398379,-0.026757367,0.3523101,-1.0186996,-1.0705584,-0.115754165,-0.6897503,-1.1633146,0.82336366,0.31769678,1.9312086,0.26222152,-0.111787215,-1.1534593,1.2556218
0.5770601,-0.39691472,0.29654437,0.53647107,1.2438661,-0.44838518,0.06629017,-1.1627448,0.42886204,-1.0145512,-0.94738287,1.3657293,2.487914,0.8070538,-1.4080776,-0.7474499,-1.0027503,0.22580755,1.0743779,-0.90846527,1.097283,-0.10265465,-0.97080475,2.316522,0.122607596,0.48978505,0.23970416,-0.45053637,-0.86300266,0.5911965
1.7898993,-0.14901868,1.1717069,1.4116551,0.20959625,0.21897924,0.022067115,-0.18456493,-0.64978826,-0.8316387,-1.4513881,0.7116866,1.2471046,0.66984177,-1.9102676,-0.3243938,-0.21063724,-0.19949682,-1.0596658,-0.27351058,0.55586684,-0.79352474,1.719881,1.7148707,0.62219983,1.4981369,1.1494359,-0.39795113,-1.4324926,-0.52688557
1.0605375,-0.1185733,0.6060218,1.5933447,1.3706721,-0.32387018,-0.38664344,-0.62458426,-0.22684968,-0.7125809,-0.30954874,0.4951464,2.2903464,0.47960374,0.22477779,0.26178434,0.4343094,-0.7102067,-1.5693479,-0.21382634,-0.5840323,-0.47675988,1.0067964,1.541513,0.26025113,0.9830172,2.0179305,-0.8474803,-1.4488059,0.503902
2.0339706,0.47906837,-0.6002228,0.50241905,0.365661,-0.5153314,-1.6601561,-0.5386318,-0.63716674,-1.0965623,0.4581756,0.8655837,0.8612579,2.060385,-0.6553186,-0.44810712,-0.7716698,1.2369208,-2.454254,-1.060498,-0.4006847,-1.0053753,0.9956686,1.7202806,-0.53826994,0.85683715,0.49028432,-1.0554537,-2.267939,0.77185285
1.0930871,-1.1503096,0.6023024,0.64189184,0.62421924,-0.6534439,-0.6373608,0.29697526,0.33808416,-1.3672148,-0.39332503,0.8037202,1.2266036,-0.6489915,0.60046685,0.44095707,0.6245511,-0.20426132,-2.2382271,0.41533616,0.13875131,0.31506726,0.06018889,1.6390562,-0.35467145,2.2791963,2.1850166,-1.06199,-0.9188454,0.15611587
0.741619,0.10692517,0.70508325,0.3709669,-0.5022534,-0.8570651,-1.6224096,-1.1432412,-1.5390688,-0.36712062,0.2832576,1.6519122,0.40833932,1.0305691,-1.090958,-2.3955412,-0.29241484,-7.47107e-05,-1.822072,-0.29822457,0.06870277,-0.23596895,0.5436764,1.8530695,-0.83595455,0.79943264,0.38688338,-1.3641106,-1.5867718,0.3218147
0.5835713,-0.08937378,0.59603757,2.6041098,0.49037158,-0.8551563,0.16381964,-0.45544267,1.1430316,-0.8731264,-1.118689,1.740153,0.012686789,1.0049164,-2.7157447,0.72216564,-0.19192958,1.0267754,-0.7809493,-0.73505616,1.9976506,-0.13295221,-0.46551448,1.2849998,0.026266254,1.1625649,0.7130165,0.39218897,-0.9779955,0.5679015
1.5964705,-0.6828795,-0.7889554,0.2088081,0.974672,-0.6095323,-1.7628435,-2.5403414,1.500385,-0.92096555,-0.67019695,1.4084802,0.99260354,1.480442,-0.04211901,-0.77697635,-0.42323217,1.2440327,-0.9497171,-0.34751165,0.5115837,0.019667868,-0.3045499,1.9283779,1.1219352,-0.10424706,0.29603708,-0.10338077,-1.4548076,0.008919654
1.1205504,-0.6994597,0.609365,1.2858448,0.20770119,0.33284962,-1.168267,-0.054798838,0.04541582,-0.6121414,-0.09444973,-0.22506118,1.2875941,0.475655,1.025126,-0.6774163,-0.4279146,-0.5907571,-1.7330537,-0.9598286,-0.43667823,-1.0743554,1.4737513,1.6427913,-1.8173821,1.4083757,1.1024817,-0.5309724,-1.9181982,0.30180565
1.2717599,0.2125769,-0.67939305,0.69909185,1.5265114,-0.7532839,-0.9892974,-2.0542753,0.3092102,-0.9574839,-0.9963035,1.1533234,1.5644733,1.4164071,0.24596208,0.21099414,-0.2730394,0.5140079,-1.6691133,0.12325388,-0.71238005,-0.021831438,0.09655341,2.029325,0.37560374,1.3052205,0.6215289,-0.010102734,-1.8583221,0.52327365
-0.44572356,-0.14063823,1.0034105,1.7400259,0.041410126,0.55532384,0.35294715,-1.4514529,0.05418534,-1.6996964,-0.41899186,1.7734468,1.4125968,0.6041885,0.8301472,-0.8302523,-0.012320258,-0.4469351,-1.9142929,0.67261076,-0.26549977,-0.42339668,0.49378175,1.6003735,-0.86596614,1.7682639,0.925849,0.36166126,-1.0225636,0.22499436
1.5552412,0.38983592,-0.9538472,-0.361422,0.8800988,-0.33137703,-2.963638,-1.2288748,-1.0901971,-1.0332,-0.35530114,0.09699976,1.1320091,1.9043195,0.38654557,-0.4831258,-0.10342374,0.896623,-2.0526402,-2.0368953,0.07936117,-0.73200715,1.4391079,0.5127685,-0.03844838,0.33664063,0.53272957,-0.5166074,-1.971824,0.94415724
2.023134,-0.76230705,-1.0787262,1.5866884,1.1535689,0.46341997,-1.5928675,-0.9166667,0.97859824,-0.94068325,-0.9149704,0.3762811,-0.33532438,2.081507,0.26988363,-1.3453137,-1.6474853,0.33850703,-1.320418,-1.057563,-0.004724905,0.16086939,0.75567156,2.7772944,0.19526738,0.18854526,1.015802,-0.5734096,-1.8825567,0.0037558656
2.8180733,0.26635355,0.7748787,1.6009016,0.21531767,-0.1008408,-1.0790075,1.0024284,1.6247475,0.36441502,-1.2907101,0.08065573,0.7488589,0.92623407,-0.3697696,-0.94905514,-0.7834085,2.513646,-0.96088433,-0.8155153,-0.67700124,-1.0051363,-0.22909302,-0.41888613,-0.8335416,0.73055387,0.32977235,-0.76045126,-2.2474349,0.2449739
0.63106954,-1.3066596,1.627486,-0.9885141,0.30591494,1.4286356,-0.9349284,-1.4391055,-0.43201545,-2.0589917,-0.7778279,0.07847761,0.40098876,-0.22517788,-1.3297466,-0.84666437,-0.09634975,0.9602699,-1.4869409,-0.9085578,0.8669669,-0.9010524,1.6809561,0.87933236,-0.57982546,1.3808864,2.0426364,-0.314476,-1.3483295,0.10771747
1.2384106,-0.28153685,0.046869665,1.3530246,1.2051663,-0.43355834,-0.7852205,-0.17848341,-0.6325687,-0.030329898,-0.49423325,-0.82306635,0.7644501,0.22526902,0.61879104,0.11062385,-0.6765585,0.4516769,-1.3467425,1.2181046,-0.5519889,0.16503486,0.36792934,2.660594,-1.0499529,1.3164057,1.7054795,0.13275607,-2.5138288,0.2645247
-0.16453636,-0.900187,0.42719573,0.01725234,1.2875147,-0.06948871,0.45600954,-0.22387856,-0.19843099,-2.3339455,0.8228692,1.2864932,-0.5236677,0.85730076,-0.9865436,0.5712156,0.06976687,2.1026344,-0.0028036311,2.122597,-0.06293873,-1.952297,1.1078024,1.2858257,-1.1966627,0.94987917,0.23937899,0.17818679,-1.779123,0.72650915
1.8357182,-0.1866343,-1.0146044,0.62094027,1.9421836,1.4143438,-0.8345572,-0.22259519,0.7174853,-0.171627,-0.12285602,-0.1353608,0.066841796,0.73540246,0.7796617,-0.33592862,-1.6735721,1.8480756,-1.1893029,0.5956192,-0.9336829,-1.7832953,0.7021834,2.2100604,-1.3951862,0.0025294125,0.4485498,-0.61241615,-2.2018807,0.5439605
-0.09965494,-0.69386345,0.15768194,1.9700452,1.0751476,0.16159777,-0.2907952,-1.3198972,1.1030176,-2.1862419,-1.0027097,0.075730875,0.4532534,1.7652111,0.24013302,-0.2478935,0.3474807,-0.4756565,-0.842271,0.6352978,-0.39470395,-0.6386033,-0.42023844,1.7201564,-1.5303813,1.7711816,-0.24970847,0.6834859,-1.8145552,-0.12574589
1.1699736,0.8755584,1.4515172,1.8882109,-1.1049207,-0.100201346,0.28794065,-0.077460304,-0.040384635,-0.65199476,-0.58510214,1.5376972,1.4124327,-0.3852554,-0.79852486,0.3289476,-0.8772025,0.18230982,0.85362625,0.018698037,0.07744219,-0.7848024,0.7763661,1.7339611,-0.07511314,1.9181048,-0.06430108,-0.71083546,-0.8010027,-0.115694344
0.5451753,1.5612385,-0.4703043,0.7039769,-0.33221218,-0.11077354,1.3443251,0.38019806,0.11782461,0.88811505,-1.5866551,1.0181564,2.1352513,-0.8689949,0.014846183,0.21155906,0.8640449,-1.0208147,0.21201274,0.8184968,0.14359072,-0.8222903,-0.21853048,1.4545367,-0.056850873,0.5294478,0.5525099,1.4529711,1.0514344,-0.17154194
0.80973184,-0.63143736,-0.3134483,-0.47410208,0.19770594,-0.5753864,-0.46791205,-0.112822786,-0.27053994,-1.9414515,-1.6576216,2.1394558,-0.03456086,-0.23480332,-1.705597,-0.83864826,-0.6252556,1.3923552,-1.4210502,-0.49300253,0.30730855,-1.738616,1.4183888,1.3785937,0.35867333,1.5803354,0.06499996,0.37939638,0.4961484,-1.3848158
0.9371661,-0.8472979,0.25410426,2.4802368,0.98843235,0.18029995,-0.52974916,-0.025879756,-0.5900068,-0.6543382,0.25041473,0.99120206,0.6553051,1.6300871,0.8576797,-1.0063603,0.20649043,1.2800207,-1.5873245,0.45878384,-1.0563767,-2.145993,-1.1371536,1.3425074,-0.559754,1.1095374,1.0759774,-0.26424807,0.06432979,0.6383493
1.0056773,-0.5701303,-0.12249883,1.8958985,-0.029377231,0.13386211,-1.261402,-0.14303878,0.6003287,-2.242655,-0.028725632,1.9827332,-0.34203336,1.740551,-1.2349448,0.38899183,-1.165605,1.062271,-2.503985,-0.6427239,0.2659197,-0.1677039,-0.4322837,0.4427698,-0.42495897,1.8173301,1.8927544,-1.010862,-1.3761324,0.7904242
1.3590693,-0.9514151,0.67576903,1.6984409,0.54980296,0.07825051,-0.802472,-0.70892,-0.78374934,-1.1091459,-0.81196785,1.0450083,-0.48506734,1.182127,-0.1656523,0.15047812,-0.8446934,0.9615129,-1.5196458,-0.4919626,-1.9354142,-0.18843591,-1.4045568,1.1451955,0.51277715,1.8545986,1.4493614,0.15716647,-0.49319923,1.1704777
-0.5870706,-0.24567315,0.4356122,-0.48332626,0.32119295,1.2958926,-0.9484837,-0.41278338,-1.3582757,-0.51048374,0.33239323,0.10863234,1.1667986,1.8537297,-0.904738,-1.3336626,-1.369433,0.6588542,-2.5307593,-1.6807518,-0.31245568,-2.0346274,1.1492999,0.5707905,-0.9174691,1.9800969,1.6078044,1.1387178,-1.3402954,-0.27444994
0.45745742,-0.100835815,0.34613776,0.26859492,0.25244588,-0.054312684,-0.3303811,-0.25982708,0.033356924,-0.18167855,-0.5573209,0.28098142,0.49993923,0.16150615,-0.014880516,-0.013343781,0.16806442,0.10988814,-0.23304766,-0.33517343,0.16695628,-0.2780479,0.2488345,0.5950217,-0.100670375,0.44399098,-0.019369252,-0.19004683,-0.6150893,0.23785205
0.45745742,-0.100835815,0.34613776,0.26859492,0.25244588,-0.054312684,-0.3303811,-0.25982708,0.033356924,-0.18167855,-0.5573209,0.28098142,0.49993923,0.16150615,-0.014880516,-0.013343781,0.16806442,0.10988814,-0.23304766,-0.33517343,0.16695628,-0.2780479,0.2488345,0.5950217,-0.100670375,0.44399098,-0.019369252,-0.19004683,-0.6150893,0.23785205
0.45745742,-0.100835815,0.34613776,0.26859492,0.25244588,-0.054312684,-0.3303811,-0.25982708,0.033356924,-0.18167855,-0.5573209,0.28098142,0.49993923,0.16150615,-0.014880516,-0.013343781,0.16806442,0.10988814,-0.23304766,-0.33517343,0.16695628,-0.2780479,0.2488345,0.5950217,-0.100670375,0.44399098,-0.019369252,-0.19004683,-0.6150893,0.23785205
0.71810645,0.2971799,-0.99971,1.9945879,1.1693611,0.20543659,-2.3398616,-1.2432358,-1.0582039,-0.6944629,0.91943246,0.72557956,1.3400207,2.0607653,0.58933127,-1.1910455,-0.8818461,1.0957518,-1.1423119,-1.348558,0.028111603,0.030634455,1.1818721,2.2561545,0.12600529,1.0501449,1.0083408,-0.6666811,-1.2751178,-0.99795157
1.8239406,-0.91382897,-0.8298961,0.6255537,1.1725157,-0.059540644,-0.35637492,-0.34448397,-0.099815115,1.0084531,-0.27709723,2.0013359,1.0959456,2.024269,0.40842924,-1.9110459,-1.4125179,0.10074632,-1.6961544,-1.2693238,0.37651923,0.6474841,0.8949983,2.7329855,0.049482547,0.2410509,-0.89661866,-0.47070664,-0.083386436,0.12591372
2.440048,0.08295452,0.3510127,0.69966996,-0.4179043,-0.05336681,1.1836237,-0.34297776,0.15767585,-1.5857921,-1.2116735,1.1499267,1.6220007,1.0772989,-0.19311821,0.24799521,-1.4878943,0.3131361,-0.7098423,-0.75197744,0.91267294,-0.014501458,-1.8142059,-0.120241314,-0.5982842,1.0434406,1.6823217,-1.953942,-0.4677825,-1.0456346
0.14323805,0.3886862,1.5248169,1.0114931,1.2413744,-0.09921167,-1.9434922,-0.6045521,-0.37932965,-1.3884217,0.6728651,0.4334438,1.066137,1.5697582,-0.46909592,-0.48045218,-1.8555056,1.3708099,-1.4731585,-0.939425,-0.14182934,-0.93031615,2.1353972,0.8474453,0.060687162,2.2653995,1.6310197,-0.15464231,-1.1752714,0.11991686
-0.34826413,-0.097368866,0.22794421,1.2510988,0.34755903,0.5064035,-1.1157613,-1.0863498,-2.0654407,-1.2748352,0.9620533,-0.28151748,2.3109837,0.8994871,-0.26550114,-0.40237445,-1.6034032,0.6508832,-1.4117044,0.4966618,-1.1091022,0.25942424,0.75317234,2.0028245,-0.47495723,2.1161823,1.248121,-0.5405195,-1.7747732,-1.0733463
0.7827238,0.5734563,0.6720888,-0.12612261,-0.8102345,0.02596231,0.13223141,-0.86480355,-1.7153385,-0.80170953,-0.39563453,1.0244489,2.8078492,1.2296174,-0.77132386,-1.1188724,-1.8515737,-0.3890769,-1.8407177,-0.9387077,0.06001638,-1.179628,0.196506,1.3531742,-0.83497006,1.3148686,1.5922929,-0.52513856,0.031161532,-0.30755788
1.592988,0.034779318,0.5079623,0.6598077,-0.15563008,-1.4182669,-1.1926954,-0.91836184,-0.47109067,-0.16504353,-0.4728577,0.9148067,0.39728695,2.4233334,0.16803592,-1.1319481,-1.3968363,-0.34051895,-1.8464448,-0.73428214,-0.48914766,0.29061168,0.1395233,2.132588,-0.45070955,0.13027564,0.18613061,-1.8712937,-1.5850834,1.0522747
0.6751737,-0.12144982,0.3909033,0.047494665,0.6298737,-1.2331294,-1.529473,-1.6286901,-1.9055699,-0.7851629,-0.8364082,0.46541408,1.3226386,0.8509132,-1.7862271,-0.52726054,-0.27329826,1.1968032,-2.180703,0.7488831,0.73741317,0.120787136,0.015283063,1.6886532,-0.2173656,0.19858909,-0.41500494,-1.7777256,-1.1274854,0.021652697
1.2226084,-0.40315053,0.6945997,0.21958521,-0.12306127,-0.46996814,0.4686146,1.6460868,-0.49442682,0.2633231,-0.5934382,1.7906027,2.079466,1.0277808,0.03996063,1.0931967,0.37659198,0.22103733,-0.97744894,0.3319218,0.6714357,-1.6801866,-0.6345907,2.1195674,0.2153103,1.5421095,0.7602435,-0.30990678,-0.20089771,0.73598015
2.753199,1.0755957,0.57421976,0.8737681,-0.15080339,-0.11890552,0.11414796,-1.1133807,-0.35146752,0.91773856,-0.21885909,2.1839297,0.8110657,0.06975092,1.626242,-0.3039869,-1.0967438,1.4065882,-0.26545084,1.0920547,-0.97950256,-0.8703209,-0.30543008,1.7660594,0.09480784,0.4490771,0.45002943,-0.842434,1.3442005,0.51419
0.6971688,-1.0943415,0.6645409,2.5754135,0.24449256,0.025864033,-0.80116737,-0.14769682,0.21081918,-1.762321,1.4147258,1.2142797,-0.897192,1.3736005,-0.85033476,-0.78457254,-0.63360023,0.20023233,-2.4149792,-0.8473091,-1.4467945,-1.4309002,-0.6713401,1.2643156,-0.46312392,1.8336937,1.3937532,-0.3732858,-0.6829737,0.5637832
0.050960332,-0.3377897,1.1656744,1.8747022,-1.0743456,0.47534359,0.058826208,-0.48683327,-0.12605819,-2.0876658,-0.58045834,1.3921883,0.39141658,-0.002186045,0.2596044,-0.34467202,-1.916237,-0.650252,-0.6522916,-0.11652872,-0.16817,-0.65112406,-0.42599696,1.2930465,0.99318177,1.4814016,1.7383146,-0.7672458,-1.3867288,0.79343486
0.34355393,-0.26796955,0.21156003,0.8338058,0.055978544,0.57112145,-0.7171774,-0.26854366,-1.3901676,-0.93659747,-0.36985803,-0.00509014,-0.12283695,1.5291798,0.08335508,0.06263226,-1.4309926,-0.049170297,-2.1466455,-0.9475068,-1.4340756,-0.05750187,0.046562754,2.3969975,0.49914023,1.8208348,1.5180981,-1.0482628,-1.607776,1.2397221
1.7348809,0.1924307,0.3304124,0.51644945,0.011228247,-0.53594416,0.07785757,-0.39230245,0.0667092,-1.0105772,-1.843029,1.7466543,2.5403588,0.66683066,-0.084401965,-0.7041053,0.6175066,0.19177563,0.049080633,-0.01276058,0.42379242,-0.24965528,-0.04086437,1.5026913,-0.494724,1.5078839,0.08312302,-1.1172801,-0.6520871,0.85063076
1.0450824,-0.8826326,1.1415026,1.5753269,0.6458741,0.19553348,-0.35600758,0.056280285,0.20165038,-1.3984985,-0.8686736,1.0791489,1.6465045,0.99311393,-1.2963874,-1.570881,-0.0036189482,0.14951056,-0.36068478,0.46845135,0.60104877,-1.0820572,0.11544201,1.6705272,-0.111004494,1.0506978,-0.1810162,-1.2438369,-0.62628925,0.61384183
0.6628187,0.11720627,1.1173692,0.9738926,0.47262847,-0.030882081,-1.4138389,-0.9379811,-1.5274973,-0.9549862,-0.13580121,0.2602053,1.7372937,1.2351673,-0.25641823,-1.2789611,-0.84912884,0.31395224,-1.8189248,-0.6202569,-0.5282012,0.20387992,0.97582155,1.620786,-0.55966806,1.6710886,0.62065226,-0.6939733,-1.6359814,0.80278933
0.76754934,0.4173906,-0.24204458,-0.30362624,1.7353668,0.68351704,-0.92253184,-0.6401817,-1.3021537,-1.6740329,0.77365714,-0.080598645,0.24461678,1.0010138,-1.131384,-0.33106524,-0.99052465,0.24162781,-1.8156244,-1.9580017,-0.661797,-0.7438892,1.2764208,2.4861367,-0.6527388,1.1062502,0.6258362,-1.054502,-2.3580189,1.0437539
2.2405481,0.82981193,1.1590595,0.71935004,1.5596685,-2.0786893,0.9133545,0.28965884,-1.312063,-0.9370105,-1.1363488,0.4287744,0.73795176,0.5399306,-0.32781127,-0.93964833,-0.8949267,-0.75059044,-0.4258167,-1.0468299,-0.13669962,-0.93432486,-0.9693312,1.7503147,-0.16916361,0.550714,-1.0984085,-0.71673965,0.88788927,0.3105254
0.56811833,-0.41560724,0.49898595,1.9699621,0.7023469,-0.099966,-0.45429793,-0.61955106,-0.61729455,-0.81846046,0.8168371,1.5598506,1.8352907,0.712346,0.217637,-1.5299562,0.38619757,-0.81677395,-1.5293419,-0.6034411,0.10069606,-0.597047,1.5249527,1.9879909,-0.51541036,1.7922469,1.4726745,-0.27172256,-1.8670533,-0.6665573
1.8210704,0.6142614,0.71159226,0.73970777,0.19852485,0.09118391,0.16600484,0.23194553,-0.4891831,-2.6824014,-0.7922134,1.0687989,2.0677269,-0.2897003,-0.8493114,-0.75985307,-0.07825846,-0.017191943,-1.5690897,-0.36854002,0.23759934,-0.524077,0.49173415,1.5153222,-1.2372034,1.3754008,0.52932006,-1.2773563,0.00733684,0.14521983
1.3253993,-0.32992265,-0.43486935,1.2621039,0.5668457,0.4629687,-0.43818524,-0.2516235,-0.18869913,-2.2642102,-0.58594614,0.7110771,2.0452416,0.6307113,-0.41872954,-1.283772,-0.63362414,-0.3106539,-2.3725698,0.39718547,-0.088731445,0.3332176,0.46707952,2.457605,-0.15991578,1.735865,0.6348564,0.14729016,-0.29059535,0.27650395
1.2537926,0.30158707,0.1878163,-0.37557632,-0.008461671,0.17211123,-1.6128755,-1.8033527,0.54124236,-1.6898898,-0.4166876,1.7191993,1.7112246,1.7758577,-1.5164119,-0.4295709,0.0680254,0.97584426,-1.0369828,-0.14071724,-0.17238736,-1.0546674,1.1568484,1.1617774,-0.75163835,0.9833709,1.4336516,-1.0420066,-1.0197786,-0.19931078
1.0885932,-0.9380114,0.11947602,1.9241372,1.7955025,0.25335467,-2.3467648,0.0994762,-1.6759666,-0.033331335,0.45368397,0.8153732,1.5998237,1.3168766,-0.9141733,-0.7047428,-1.5802166,0.5961676,-0.52932143,-0.005058497,0.6446633,-1.1385201,0.2644652,1.3751829,0.5624183,1.0954534,-0.7098554,-0.41624427,-1.7104524,0.19004151
0.3977309,-0.7168107,1.0628676,0.023030415,0.23142245,0.3924883,-1.615376,-1.3682113,0.6565056,-0.9678061,-0.31260264,1.5610486,1.0277157,1.8459551,-0.5599165,-0.7413535,-1.2211049,0.74260217,-1.4208107,-1.0398195,-0.41550314,-1.6685915,-0.21366411,1.6909299,-0.81493765,1.7398916,1.5843118,-0.12805979,-1.5085264,-0.58747417
0.14125136,-0.66894937,0.28694355,0.48657602,1.011558,0.113731556,-0.3298753,-0.73463154,0.3084477,-1.1858207,0.10477404,1.5516742,1.7356318,2.5492394,0.07908297,-0.11102103,-0.0198958,0.7557415,-1.2701193,-0.003514558,-0.44601637,-2.0856626,0.3262536,0.86308306,-0.7757186,1.1553073,1.2800084,-1.5128987,-0.9680487,0.8151952
1.0567625,-1.6513206,0.11613099,0.6012658,0.6162205,0.26580727,-1.1431222,-1.1623008,-0.4096332,-2.153157,0.46010357,0.7290302,-0.41566238,0.4216931,-1.1122719,-1.4775563,-1.6332335,0.7187118,-1.6335851,-0.012074411,-0.4535392,-1.6403544,1.7765372,0.9581704,-0.10257634,0.66571784,1.4209318,0.35248286,-0.98951626,0.38984895
1.6650095,-0.06975261,-0.48136687,0.87120795,0.43632984,-0.14335309,-1.4824419,0.270383,0.08544251,-1.4215019,-0.57254374,-0.07077516,0.96990514,1.36725,1.0312116,-1.0255748,-0.5937197,0.1723656,-2.4114015,-1.0761043,-0.08970592,-1.2160487,1.9131329,1.0363567,-0.16019341,0.8334718,-0.9465333,-0.35105628,-1.3690865,1.1990463
